,countries,agegroup,rate,prop
1,Afghanistan,5~14,0.336707171,0.620177827
2,Afghanistan,15~49,9.717103207,17.8978426
3,Afghanistan,50~69,19.89280871,36.64038053
4,Afghanistan,70+,24.34541725,44.84159904
5,Albania,5~14,0.66847959,3.005679156
6,Albania,15~49,6.64245516,29.86641523
7,Albania,50~69,5.922706514,26.63021545
8,Albania,70+,9.00690923,40.49769016
9,Algeria,5~14,0.522156276,2.616409561
10,Algeria,15~49,7.086779818,35.51028555
11,Algeria,50~69,4.56998389,22.89917806
12,Algeria,70+,7.778057854,38.97412683
13,American Samoa,5~14,0.499517694,1.696257963
14,American Samoa,15~49,9.095581811,30.88669981
15,American Samoa,50~69,7.687827016,26.10625798
16,American Samoa,70+,12.16528863,41.31078425
17,Andean Latin America,5~14,0.854814318,3.121894792
18,Andean Latin America,15~49,7.692768225,28.09500562
19,Andean Latin America,50~69,8.256430481,30.15357463
20,Andean Latin America,70+,10.57725299,38.62952496
21,Andorra,5~14,0.141306253,0.347948847
22,Andorra,15~49,13.87991829,34.17755032
23,Andorra,50~69,13.70295282,33.74179515
24,Andorra,70+,12.88703719,31.73270569
25,Angola,5~14,0.744661635,0.701688075
26,Angola,15~49,9.822585508,9.255735473
27,Angola,50~69,32.36512459,30.49737073
28,Angola,70+,63.19193937,59.54520573
29,Antigua and Barbuda,5~14,0.084481264,0.627080439
30,Antigua and Barbuda,15~49,3.3617539,24.9533447
31,Antigua and Barbuda,50~69,3.740079392,27.76154741
32,Antigua and Barbuda,70+,6.285842946,46.65802745
33,Argentina,5~14,0.765260065,1.320825449
34,Argentina,15~49,13.94678789,24.07191126
35,Argentina,50~69,17.39784027,30.02836714
36,Argentina,70+,25.82812815,44.57889615
37,Armenia,5~14,0.237049292,0.642834743
38,Armenia,15~49,6.065536594,16.44863657
39,Armenia,50~69,10.10837569,27.41208392
40,Armenia,70+,20.46465767,55.49644477
41,Australasia,5~14,0.448547675,0.937707481
42,Australasia,15~49,17.3459809,36.26249107
43,Australasia,50~69,14.69661082,30.72387327
44,Australasia,70+,15.34335951,32.07592818
45,Australia,5~14,0.360010475,0.75214909
46,Australia,15~49,17.04183988,35.60453168
47,Australia,50~69,14.7887736,30.89733045
48,Australia,70+,15.67361993,32.74598877
49,Austria,5~14,0.436962108,0.498593517
50,Austria,15~49,17.48640145,19.95277447
51,Austria,50~69,26.65332082,30.41264383
52,Austria,70+,43.06226266,49.13598818
53,Azerbaijan,5~14,0.272809719,1.343507499
54,Azerbaijan,15~49,4.502089948,22.17146674
55,Azerbaijan,50~69,6.313002673,31.08967843
56,Azerbaijan,70+,9.217880772,45.39534733
57,Bahamas,5~14,0.10242555,0.648707941
58,Bahamas,15~49,3.953952506,25.04219308
59,Bahamas,50~69,4.984637754,31.56999505
60,Bahamas,70+,6.748146483,42.73910393
61,Bahrain,5~14,0.151868299,0.533112972
62,Bahrain,15~49,8.580033171,30.11903747
63,Bahrain,50~69,8.393185024,29.46313251
64,Bahrain,70+,11.36198976,39.88471704
65,Bangladesh,5~14,1.717520885,5.248731986
66,Bangladesh,15~49,11.90995987,36.39675526
67,Bangladesh,50~69,8.021045963,24.51226118
68,Bangladesh,70+,11.07406018,33.84225157
69,Barbados,5~14,0.262724034,1.040479106
70,Barbados,15~49,5.363173598,21.24004412
71,Barbados,50~69,6.850685381,27.13111129
72,Barbados,70+,12.77371104,50.58836548
73,Belarus,5~14,1.18561039,0.900376009
74,Belarus,15~49,37.84563653,28.74072585
75,Belarus,50~69,51.27952417,38.94268615
76,Belarus,70+,41.36870261,31.41621199
77,Belgium,5~14,0.446394807,0.514495959
78,Belgium,15~49,22.58864509,26.03472626
79,Belgium,50~69,28.53154643,32.88426544
80,Belgium,70+,35.19693429,40.56651234
81,Belize,5~14,0.295582343,0.709135234
82,Belize,15~49,8.913049731,21.38340722
83,Belize,50~69,12.56526231,30.14547534
84,Belize,70+,19.90818948,47.76198221
85,Benin,5~14,0.454892661,0.505865864
86,Benin,15~49,7.430239489,8.262838327
87,Benin,50~69,25.62485381,28.49625836
88,Benin,70+,56.41358746,62.73503745
89,Bermuda,5~14,0.155121254,0.600016838
90,Bermuda,15~49,4.601804416,17.80001172
91,Bermuda,50~69,7.090412336,27.42607275
92,Bermuda,70+,14.00547876,54.17389869
93,Bhutan,5~14,0.352521371,0.930167423
94,Bhutan,15~49,7.283021972,19.21707542
95,Bhutan,50~69,12.37364494,32.64925865
96,Bhutan,70+,17.8895128,47.2034985
97,Bolivia,5~14,0.699954425,1.791967078
98,Bolivia,15~49,8.675747092,22.21095063
99,Bolivia,50~69,13.5601857,34.71569789
100,Bolivia,70+,16.12478712,41.2813844
101,Bosnia and Herzegovina,5~14,0.748053685,1.710486084
102,Bosnia and Herzegovina,15~49,10.07343688,23.03373935
103,Bosnia and Herzegovina,50~69,12.98929779,29.70109438
104,Bosnia and Herzegovina,70+,19.92260955,45.55468018
105,Botswana,5~14,0.095570323,0.148162152
106,Botswana,15~49,14.10633471,21.86897399
107,Botswana,50~69,22.07094307,34.21646301
108,Botswana,70+,28.23102262,43.76640085
109,Brazil,5~14,0.385560538,1.300076333
110,Brazil,15~49,8.153630413,27.49332698
111,Brazil,50~69,9.712231037,32.74879165
112,Brazil,70+,11.40533952,38.45780504
113,Brunei,5~14,0.205218609,0.739647683
114,Brunei,15~49,5.421309626,19.5394517
115,Brunei,50~69,8.475760901,30.54828671
116,Brunei,70+,13.64316507,49.1726139
117,Bulgaria,5~14,1.013557894,1.200422897
118,Bulgaria,15~49,13.12556387,15.54546365
119,Bulgaria,50~69,23.2613516,27.54993989
120,Bulgaria,70+,47.03292899,55.70417356
121,Burkina Faso,5~14,0.566123507,0.545855303
122,Burkina Faso,15~49,8.050412629,7.762193885
123,Burkina Faso,50~69,28.52462602,27.50339491
124,Burkina Faso,70+,66.57194715,64.18855591
125,Burundi,5~14,0.793637664,0.645172466
126,Burundi,15~49,10.28682265,8.362474503
127,Burundi,50~69,37.37272802,30.38144001
128,Burundi,70+,74.55851885,60.61091303
129,Cambodia,5~14,0.132348141,0.468988451
130,Cambodia,15~49,6.108447004,21.64587341
131,Cambodia,50~69,9.939047464,35.21997704
132,Cambodia,70+,12.04007205,42.66516109
133,Cameroon,5~14,0.544901725,0.477370921
134,Cameroon,15~49,9.909409237,8.68131554
135,Cameroon,50~69,33.25801062,29.13627619
136,Cameroon,70+,70.43407928,61.70503735
137,Canada,5~14,0.911151999,1.878806185
138,Canada,15~49,17.48641506,36.05719443
139,Canada,50~69,16.78843741,34.61795626
140,Canada,70+,13.31032293,27.44604312
141,Cape Verde,5~14,0.544982952,0.657500429
142,Cape Verde,15~49,17.20989929,20.76306448
143,Cape Verde,50~69,24.49902129,29.55710257
144,Cape Verde,70+,40.63318335,49.02233252
145,Caribbean,5~14,0.483626872,0.770517264
146,Caribbean,15~49,11.58636769,18.45947123
147,Caribbean,50~69,18.25186255,29.07897803
148,Caribbean,70+,32.44466284,51.69103348
149,Central African Republic,5~14,0.775557952,0.681439363
150,Central African Republic,15~49,13.45090093,11.81855377
151,Central African Republic,50~69,40.77829567,35.82960596
152,Central African Republic,70+,58.806979,51.6704009
153,Central Asia,5~14,1.429813525,2.390737192
154,Central Asia,15~49,17.56855214,29.37571247
155,Central Asia,50~69,20.44476893,34.18492593
156,Central Asia,70+,20.36325191,34.0486244
157,Central Europe,5~14,0.685966052,0.900178537
158,Central Europe,15~49,17.4033747,22.83807534
159,Central Europe,50~69,26.689142,35.02358861
160,Central Europe,70+,31.42485067,41.23815752
161,"Central Europe, Eastern Europe, and Central Asia",5~14,1.29699081,1.159008514
162,"Central Europe, Eastern Europe, and Central Asia",15~49,32.54527348,29.08289617
163,"Central Europe, Eastern Europe, and Central Asia",50~69,39.93896736,35.69000093
164,"Central Europe, Eastern Europe, and Central Asia",70+,38.12396957,34.06809439
165,Central Latin America,5~14,0.700581033,2.600701781
166,Central Latin America,15~49,8.768166272,32.54924781
167,Central Latin America,50~69,7.730900368,28.69870211
168,Central Latin America,70+,9.738505624,36.1513483
169,Central Sub-Saharan Africa,5~14,0.584472994,0.644261041
170,Central Sub-Saharan Africa,15~49,9.00615658,9.927431843
171,Central Sub-Saharan Africa,50~69,28.43637132,31.34523986
172,Central Sub-Saharan Africa,70+,52.69290252,58.08306726
173,Chad,5~14,0.42999359,0.494914745
174,Chad,15~49,6.428197315,7.398737356
175,Chad,50~69,24.10618993,27.74578302
176,Chad,70+,55.91797499,64.36056488
177,Chile,5~14,0.620264313,0.96695416
178,Chile,15~49,17.75727783,27.682511
179,Chile,50~69,21.07802078,32.85934633
180,Chile,70+,24.69063333,38.49118851
181,China,5~14,1.252552579,1.3665898
182,China,15~49,12.99699336,14.1802898
183,China,50~69,19.61476503,21.40056893
184,China,70+,57.79103283,63.05255147
185,Colombia,5~14,0.852642074,3.391503068
186,Colombia,15~49,8.436689037,33.55811028
187,Colombia,50~69,7.103697971,28.25595193
188,Colombia,70+,8.747507637,34.79443472
189,Comoros,5~14,0.622022753,0.920787952
190,Comoros,15~49,6.308182695,9.338080645
191,Comoros,50~69,19.39950253,28.71732286
192,Comoros,70+,41.2236034,61.02380855
193,Congo,5~14,0.641653238,0.59864837
194,Congo,15~49,11.67755914,10.89490605
195,Congo,50~69,35.79578524,33.39668099
196,Congo,70+,59.06866308,55.10976458
197,Costa Rica,5~14,0.526816451,1.76766018
198,Costa Rica,15~49,9.875338706,33.13534146
199,Costa Rica,50~69,10.49537043,35.21577268
200,Costa Rica,70+,8.905513317,29.88122568
201,Cote d'Ivoire,5~14,0.638638072,0.544810694
202,Cote d'Ivoire,15~49,9.18337298,7.834170901
203,Cote d'Ivoire,50~69,32.74896269,27.93755313
204,Cote d'Ivoire,70+,74.65104115,63.68346528
205,Croatia,5~14,0.736120547,0.755962153
206,Croatia,15~49,16.67667162,17.12617943
207,Croatia,50~69,31.96776571,32.82943407
208,Croatia,70+,47.99475976,49.28842434
209,Cuba,5~14,0.499012508,0.526394486
210,Cuba,15~49,14.714438,15.52185347
211,Cuba,50~69,26.14332628,27.57787144
212,Cuba,70+,53.44142521,56.3738806
213,Cyprus,5~14,0.074952425,0.37087515
214,Cyprus,15~49,6.615851362,32.7361641
215,Cyprus,50~69,7.070140658,34.98405151
216,Cyprus,70+,6.448666372,31.90890923
217,Czech Republic,5~14,0.574506037,0.773878756
218,Czech Republic,15~49,17.11062788,23.04858535
219,Czech Republic,50~69,23.61003294,31.80350032
220,Czech Republic,70+,32.94204824,44.37403557
221,Democratic Republic of Congo,5~14,0.523388987,0.62099594
222,Democratic Republic of Congo,15~49,8.273322806,9.816216999
223,Democratic Republic of Congo,50~69,25.97076691,30.81406221
224,Democratic Republic of Congo,70+,49.51471276,58.74872485
225,Denmark,5~14,0.2296401,0.306171202
226,Denmark,15~49,16.16914197,21.55775767
227,Denmark,50~69,26.30235779,35.06802381
228,Denmark,70+,32.3026811,43.06804732
229,Djibouti,5~14,0.640979146,0.922397521
230,Djibouti,15~49,5.986173847,8.614370611
231,Djibouti,50~69,20.03788151,28.83540338
232,Djibouti,70+,42.82551933,61.62782849
233,Dominica,5~14,0.266726187,1.155349468
234,Dominica,15~49,5.388460417,23.34062115
235,Dominica,50~69,6.149008984,26.63500852
236,Dominica,70+,11.28199558,48.86902087
237,Dominican Republic,5~14,0.410336487,1.034413992
238,Dominican Republic,15~49,8.259981211,20.82252107
239,Dominican Republic,50~69,12.19034081,30.73053337
240,Dominican Republic,70+,18.80783882,47.41253157
241,East Asia,5~14,1.232089133,1.353916597
242,East Asia,15~49,13.06058412,14.35199867
243,East Asia,50~69,19.68847531,21.63524762
244,East Asia,70+,57.02070017,62.65883712
245,Eastern Europe,5~14,1.544602279,1.078494497
246,Eastern Europe,15~49,46.10497377,32.19208023
247,Eastern Europe,50~69,50.97254,35.59078258
248,Eastern Europe,70+,44.59625765,31.13864269
249,Eastern Sub-Saharan Africa,5~14,0.763748604,0.726521497
250,Eastern Sub-Saharan Africa,15~49,8.039510853,7.647644033
251,Eastern Sub-Saharan Africa,50~69,29.95170056,28.49177621
252,Eastern Sub-Saharan Africa,70+,66.36906012,63.13405826
253,Ecuador,5~14,1.891227184,5.381135923
254,Ecuador,15~49,12.18338508,34.66556091
255,Ecuador,50~69,9.788512535,27.85139559
256,Ecuador,70+,11.28237627,32.10190758
257,Egypt,5~14,0.448695976,1.872833059
258,Egypt,15~49,7.010979124,29.26345274
259,Egypt,50~69,6.646920515,27.74389154
260,Egypt,70+,9.851544888,41.11982266
261,El Salvador,5~14,1.148500007,2.757572932
262,El Salvador,15~49,15.43559891,37.06120109
263,El Salvador,50~69,12.03447485,28.89502992
264,El Salvador,70+,13.03037029,31.28619605
265,England,5~14,0.097448674,0.309964785
266,England,15~49,11.19012311,35.5935484
267,England,50~69,10.52539973,33.47919596
268,England,70+,9.62565604,30.61729086
269,Equatorial Guinea,5~14,0.593271081,0.687396732
270,Equatorial Guinea,15~49,8.404794802,9.738260739
271,Equatorial Guinea,50~69,26.77044383,31.01771885
272,Equatorial Guinea,70+,50.53842976,58.55662368
273,Eritrea,5~14,1.001484445,0.820228181
274,Eritrea,15~49,14.78546755,12.10948129
275,Eritrea,50~69,43.33937205,35.49548321
276,Eritrea,70+,62.97194913,51.57480732
277,Estonia,5~14,1.238934755,1.103129269
278,Estonia,15~49,30.78121571,27.40714137
279,Estonia,50~69,41.91333209,37.31901393
280,Estonia,70+,38.37744872,34.17071543
281,Ethiopia,5~14,0.962224041,0.882807541
282,Ethiopia,15~49,8.571443476,7.864005276
283,Ethiopia,50~69,31.58625657,28.97930658
284,Ethiopia,70+,67.87597781,62.27388061
285,Fiji,5~14,1.318757037,2.873031758
286,Fiji,15~49,13.63088415,29.69611685
287,Fiji,50~69,12.35460143,26.91561924
288,Fiji,70+,18.59699161,40.51523215
289,Finland,5~14,0.467985533,0.586738325
290,Finland,15~49,27.53877925,34.52683059
291,Finland,50~69,28.97395511,36.32618681
292,Finland,70+,22.77979905,28.56024428
293,France,5~14,0.334449839,0.353444541
294,France,15~49,21.02457064,22.21863746
295,France,50~69,28.52562892,30.14570991
296,France,70+,44.74118298,47.2822081
297,Gabon,5~14,0.554772193,0.586547623
298,Gabon,15~49,9.533243369,10.07927454
299,Gabon,50~69,31.19585214,32.98264252
300,Gabon,70+,53.29876653,56.35153531
301,Gambia,5~14,0.324861056,0.447461004
302,Gambia,15~49,5.78457135,7.967622027
303,Gambia,50~69,21.78577245,30.00754765
304,Gambia,70+,44.70577108,61.57736932
305,Georgia,5~14,0.239016482,0.758918625
306,Georgia,15~49,6.58743361,20.91623983
307,Georgia,50~69,9.790431547,31.08631167
308,Georgia,70+,14.87746755,47.23852987
309,Germany,5~14,0.368911804,0.557016531
310,Germany,15~49,13.73496576,20.73829812
311,Germany,50~69,20.62914193,31.14775112
312,Germany,70+,31.49693672,47.55693423
313,Ghana,5~14,0.361948955,0.538377742
314,Ghana,15~49,6.286321404,9.35053266
315,Ghana,50~69,19.27157076,28.6653259
316,Ghana,70+,41.30971289,61.4457637
317,Greece,5~14,0.101403034,0.564642929
318,Greece,15~49,4.012510631,22.34287942
319,Greece,50~69,5.59876413,31.1756213
320,Greece,70+,8.246111469,45.91685635
321,Greenland,5~14,10.31313167,3.692307496
322,Greenland,15~49,106.3025021,38.05842278
323,Greenland,50~69,88.89160367,31.82497276
324,Greenland,70+,73.8067602,26.42429696
325,Grenada,5~14,0.2125359,0.767333336
326,Grenada,15~49,5.89589693,21.28637212
327,Grenada,50~69,8.905858414,32.15344815
328,Grenada,70+,12.68369739,45.79284639
329,Guam,5~14,1.476588786,1.906049458
330,Guam,15~49,25.86619989,33.38929346
331,Guam,50~69,20.06550531,25.9014872
332,Guam,70+,30.06025118,38.80316988
333,Guatemala,5~14,0.365861869,0.868092252
334,Guatemala,15~49,13.95162515,33.10347083
335,Guatemala,50~69,13.50267056,32.0382218
336,Guatemala,70+,14.32534802,33.99021512
337,Guinea,5~14,0.402370091,0.516400555
338,Guinea,15~49,6.419641694,8.238948697
339,Guinea,50~69,22.41188199,28.76334143
340,Guinea,70+,48.68432043,62.48130932
341,Guinea-Bissau,5~14,0.541239849,0.536780666
342,Guinea-Bissau,15~49,9.831119472,9.750122556
343,Guinea-Bissau,50~69,31.48871199,31.22928187
344,Guinea-Bissau,70+,58.96965585,58.48381491
345,Guyana,5~14,1.200665979,0.972229611
346,Guyana,15~49,32.60313543,26.40012644
347,Guyana,50~69,38.44516273,31.13066102
348,Guyana,70+,51.24716948,41.49698292
349,Haiti,5~14,0.576127532,1.161347488
350,Haiti,15~49,10.61125271,21.38997184
351,Haiti,50~69,15.98147545,32.21516998
352,Haiti,70+,22.43968419,45.2335107
353,High-income,5~14,0.537108277,0.835678698
354,High-income,15~49,15.64150566,24.33638365
355,High-income,50~69,21.0217149,32.70737036
356,High-income,70+,27.07177456,42.12056729
357,High-income Asia Pacific,5~14,0.573317803,0.583724329
358,High-income Asia Pacific,15~49,20.18475931,20.55114114
359,High-income Asia Pacific,50~69,33.97802083,34.59476979
360,High-income Asia Pacific,70+,43.48112112,44.27036474
361,High-middle SDI,5~14,0.881042546,1.105161208
362,High-middle SDI,15~49,16.23080338,20.35957781
363,High-middle SDI,50~69,23.61566213,29.62298904
364,High-middle SDI,70+,38.99321862,48.91227194
365,High SDI,5~14,0.530266629,0.819976818
366,High SDI,15~49,15.63098025,24.1709373
367,High SDI,50~69,21.39264401,33.08047537
368,High SDI,70+,27.11459942,41.92861051
369,Honduras,5~14,0.294402711,1.168109186
370,Honduras,15~49,6.156674192,24.42799406
371,Honduras,50~69,6.773880639,26.8768999
372,Honduras,70+,11.97839799,47.52699685
373,Hungary,5~14,0.580817437,0.447792483
374,Hungary,15~49,26.20018622,20.19954239
375,Hungary,50~69,43.02807425,33.17332948
376,Hungary,70+,59.89775263,46.17933565
377,Iceland,5~14,0.313773818,0.484783774
378,Iceland,15~49,12.9562432,20.01752894
379,Iceland,50~69,18.5464891,28.65451633
380,Iceland,70+,32.90798231,50.84317096
381,India,5~14,1.533755176,2.05463071
382,India,15~49,26.28817615,35.21585118
383,India,50~69,20.21945338,27.08614158
384,India,70+,26.60731828,35.64337653
385,Indonesia,5~14,0.187879862,1.074020824
386,Indonesia,15~49,4.619079966,26.40510818
387,Indonesia,50~69,5.102604086,29.16918821
388,Indonesia,70+,7.583566337,43.3516828
389,Iran,5~14,0.889937699,3.466875508
390,Iran,15~49,9.81897742,38.25118585
391,Iran,50~69,5.746333407,22.38563729
392,Iran,70+,9.21448485,35.89630136
393,Iraq,5~14,0.218015799,0.736601104
394,Iraq,15~49,10.0300689,33.88818543
395,Iraq,50~69,9.607218026,32.45951641
396,Iraq,70+,9.74223627,32.91569706
397,Ireland,5~14,0.384144718,0.942882566
398,Ireland,15~49,15.98632622,39.23841087
399,Ireland,50~69,15.6490036,38.41045307
400,Ireland,70+,8.722048538,21.4082535
401,Israel,5~14,0.241861958,0.574963807
402,Israel,15~49,9.138271399,21.72385998
403,Israel,50~69,11.97441358,28.46604928
404,Israel,70+,20.7110501,49.23512694
405,Italy,5~14,0.188261232,0.528058053
406,Italy,15~49,7.048146409,19.76950022
407,Italy,50~69,10.82417403,30.3609628
408,Italy,70+,17.59103486,49.34147893
409,Jamaica,5~14,0.152897487,1.249570081
410,Jamaica,15~49,3.240559035,26.48379436
411,Jamaica,50~69,3.949571102,32.27826673
412,Jamaica,70+,4.892979764,39.98836883
413,Japan,5~14,0.471412192,0.507703597
414,Japan,15~49,20.29709883,21.85965967
415,Japan,50~69,33.79800142,36.39992173
416,Japan,70+,38.28533949,41.23271501
417,Jordan,5~14,0.208086336,0.974160669
418,Jordan,15~49,5.775421136,27.03775862
419,Jordan,50~69,5.725370453,26.80344527
420,Jordan,70+,9.651698658,45.18463545
421,Kazakhstan,5~14,2.732046999,2.14637122
422,Kazakhstan,15~49,39.97591042,31.40617407
423,Kazakhstan,50~69,44.00987087,34.57536429
424,Kazakhstan,70+,40.56896038,31.87209042
425,Kenya,5~14,0.566381064,0.571351679
426,Kenya,15~49,6.885596799,6.946025463
427,Kenya,50~69,27.71230572,27.9555116
428,Kenya,70+,63.96574171,64.52711125
429,Kiribati,5~14,2.449086858,2.604946591
430,Kiribati,15~49,43.68020951,46.46001529
431,Kiribati,50~69,22.88233776,24.33856829
432,Kiribati,70+,25.00514405,26.59646983
433,Kuwait,5~14,0.097972363,0.833424533
434,Kuwait,15~49,4.503701468,38.31177674
435,Kuwait,50~69,3.482553286,29.62514388
436,Kuwait,70+,3.67116992,31.22965484
437,Kyrgyzstan,5~14,1.793009797,2.640482597
438,Kyrgyzstan,15~49,18.36531583,27.04575118
439,Kyrgyzstan,50~69,26.13482497,38.48754794
440,Kyrgyzstan,70+,21.61147407,31.82621828
441,Laos,5~14,0.704558845,1.260117252
442,Laos,15~49,17.47921826,31.26192318
443,Laos,50~69,16.23184684,29.03097504
444,Laos,70+,21.49654166,38.44698453
445,Latin America and Caribbean,5~14,0.595827252,1.865111669
446,Latin America and Caribbean,15~49,8.657907006,27.10175361
447,Latin America and Caribbean,50~69,9.622841546,30.12227787
448,Latin America and Caribbean,70+,13.06935334,40.91085685
449,Latvia,5~14,0.886925021,0.729126878
450,Latvia,15~49,32.69156441,26.87521236
451,Latvia,50~69,46.48246309,38.21248964
452,Latvia,70+,41.58111666,34.18317112
453,Lebanon,5~14,0.29822985,1.387528965
454,Lebanon,15~49,7.140274202,33.22047502
455,Lebanon,50~69,5.534966311,25.75170153
456,Lebanon,70+,8.520124166,39.64029448
457,Lesotho,5~14,0.176576786,0.110372403
458,Lesotho,15~49,30.81257264,19.25993648
459,Lesotho,50~69,53.03456912,33.15018334
460,Lesotho,70+,75.95901391,47.47950778
461,Liberia,5~14,0.458050932,0.452139097
462,Liberia,15~49,7.687427016,7.588209228
463,Liberia,50~69,28.2888891,27.92377851
464,Liberia,70+,64.87315868,64.03587317
465,Libya,5~14,0.422893478,1.403552176
466,Libya,15~49,10.09076772,33.49051176
467,Libya,50~69,8.145443276,27.03412382
468,Libya,70+,11.47112402,38.07181225
469,Lithuania,5~14,1.133921984,0.712100269
470,Lithuania,15~49,48.112611,30.21460357
471,Lithuania,50~69,63.91662478,40.13948608
472,Lithuania,70+,46.07312308,28.93381008
473,Low-middle SDI,5~14,0.982136812,1.475124509
474,Low-middle SDI,15~49,18.3799151,27.60579066
475,Low-middle SDI,50~69,18.88565715,28.36539205
476,Low-middle SDI,70+,28.33221733,42.55369278
477,Low SDI,5~14,1.027538899,1.608762736
478,Low SDI,15~49,14.09761733,22.07188599
479,Low SDI,50~69,18.01421547,28.20389438
480,Low SDI,70+,30.73200448,48.1154569
481,Luxembourg,5~14,0.281678734,0.409177354
482,Luxembourg,15~49,14.19323501,20.61763864
483,Luxembourg,50~69,21.20780102,30.8072668
484,Luxembourg,70+,33.15754022,48.1659172
485,Macedonia,5~14,0.501011591,1.059310238
486,Macedonia,15~49,7.700018298,16.28047807
487,Macedonia,50~69,13.84223587,29.26723143
488,Macedonia,70+,25.25275507,53.39298027
489,Madagascar,5~14,0.931485223,1.003224322
490,Madagascar,15~49,8.643274829,9.308943732
491,Madagascar,50~69,26.4935945,28.53402042
492,Madagascar,70+,56.78079222,61.15381152
493,Malawi,5~14,0.672126539,0.626801382
494,Malawi,15~49,8.316495648,7.755669001
495,Malawi,50~69,30.21881229,28.18099301
496,Malawi,70+,68.0237489,63.43653661
497,Malaysia,5~14,0.095127711,0.168549909
498,Malaysia,15~49,7.555425101,13.38691114
499,Malaysia,50~69,15.52423055,27.50626102
500,Malaysia,70+,33.26411447,58.93827793
501,Maldives,5~14,0.218132353,0.644134254
502,Maldives,15~49,5.776110883,17.05657519
503,Maldives,50~69,9.287033933,27.42416061
504,Maldives,70+,18.58314649,54.87512995
505,Mali,5~14,0.373582122,0.720106485
506,Mali,15~49,4.831638525,9.313331731
507,Mali,50~69,14.51740313,27.98334158
508,Mali,70+,32.15610947,61.98322021
509,Malta,5~14,0.147752669,0.554411121
510,Malta,15~49,5.660594724,21.24020291
511,Malta,50~69,7.158973962,26.86255896
512,Malta,70+,13.68305835,51.34282701
513,Marshall Islands,5~14,1.808263515,1.835160151
514,Marshall Islands,15~49,37.22293886,37.77660365
515,Marshall Islands,50~69,27.07323755,27.47593274
516,Marshall Islands,70+,32.42993126,32.91230346
517,Mauritania,5~14,0.340037674,0.607817108
518,Mauritania,15~49,4.457836976,7.968380524
519,Mauritania,50~69,16.03209482,28.65735844
520,Mauritania,70+,35.11410804,62.76644392
521,Mauritius,5~14,0.813569204,2.051581298
522,Mauritius,15~49,15.87973755,40.04400908
523,Mauritius,50~69,11.27642238,28.4358075
524,Mauritius,70+,11.68598445,29.46860211
525,Mexico,5~14,0.701318429,3.068338107
526,Mexico,15~49,7.106823495,31.09306194
527,Mexico,50~69,6.435860525,28.15753199
528,Mexico,70+,8.612619101,37.68106797
529,Micronesia (country),5~14,1.596080169,2.104276692
530,Micronesia (country),15~49,28.32872949,37.34867855
531,Micronesia (country),50~69,19.42554088,25.61068905
532,Micronesia (country),70+,26.49899833,34.93635572
533,Middle SDI,5~14,0.90595921,1.246099164
534,Middle SDI,15~49,13.44875108,18.49804859
535,Middle SDI,50~69,17.08600246,23.50089625
536,Middle SDI,70+,41.26290793,56.754956
537,Moldova,5~14,0.891133532,1.134030635
538,Moldova,15~49,21.08979722,26.83826304
539,Moldova,50~69,34.51278911,43.91997241
540,Moldova,70+,22.08736117,28.10773392
541,Mongolia,5~14,3.348910274,5.051296761
542,Mongolia,15~49,28.66047648,43.2297554
543,Mongolia,50~69,19.35266309,29.19040416
544,Mongolia,70+,14.93598079,22.52854368
545,Montenegro,5~14,0.675077598,1.095164869
546,Montenegro,15~49,11.97989729,19.43474748
547,Montenegro,50~69,19.90090037,32.28483216
548,Montenegro,70+,29.08576584,47.18525549
549,Morocco,5~14,0.563370631,1.536537617
550,Morocco,15~49,11.29777503,30.8135628
551,Morocco,50~69,10.49127452,28.61391252
552,Morocco,70+,14.31252214,39.03598706
553,Mozambique,5~14,0.838586325,0.666470702
554,Mozambique,15~49,10.91408943,8.674027508
555,Mozambique,50~69,35.51294905,28.224095
556,Mozambique,70+,78.55930971,62.43540679
557,Myanmar,5~14,0.209429345,0.703511562
558,Myanmar,15~49,8.702512583,29.23333516
559,Myanmar,50~69,9.163228497,30.78096437
560,Myanmar,70+,11.69396997,39.28218891
561,Namibia,5~14,0.113058654,0.138263631
562,Namibia,15~49,18.79450888,22.98450377
563,Namibia,50~69,30.4438867,37.23096107
564,Namibia,70+,32.41889448,39.64627153
565,Nepal,5~14,0.715159533,1.735234245
566,Nepal,15~49,12.91766316,31.34289684
567,Nepal,50~69,11.63071576,28.22029958
568,Nepal,70+,15.95046683,38.70156933
569,Netherlands,5~14,0.286779114,0.590119852
570,Netherlands,15~49,12.45818169,25.63582903
571,Netherlands,50~69,16.39617216,33.7392307
572,Netherlands,70+,19.45562463,40.03482042
573,New Zealand,5~14,0.864683116,1.817195004
574,New Zealand,15~49,18.88081375,39.67941527
575,New Zealand,50~69,14.22713953,29.89937748
576,New Zealand,70+,13.61076074,28.60401224
577,Nicaragua,5~14,1.15266029,3.747986296
578,Nicaragua,15~49,12.28320123,39.94001552
579,Nicaragua,50~69,8.899360274,28.93712973
580,Nicaragua,70+,8.418900531,27.37486846
581,Niger,5~14,0.351453034,0.589582984
582,Niger,15~49,5.140034025,8.622707167
583,Niger,50~69,16.71100228,28.03368196
584,Niger,70+,37.40795464,62.75402789
585,Nigeria,5~14,0.429180151,0.613023337
586,Nigeria,15~49,4.822465318,6.88821181
587,Nigeria,50~69,16.55181166,23.6419294
588,Nigeria,70+,48.2069527,68.85683546
589,North Africa and Middle East,5~14,0.438588466,1.832287885
590,North Africa and Middle East,15~49,7.355916118,30.73075794
591,North Africa and Middle East,50~69,6.547193926,27.35216504
592,North Africa and Middle East,70+,9.594958482,40.08478914
593,North America,5~14,0.766204721,1.431321892
594,North America,15~49,16.20886768,30.27925372
595,North America,50~69,17.49397422,32.67991907
596,North America,70+,19.06221881,35.60950532
597,North Korea,5~14,0.91154414,1.463605752
598,North Korea,15~49,14.55060781,23.36294246
599,North Korea,50~69,19.73001281,31.67916831
600,North Korea,70+,27.08855112,43.49428348
601,Northern Ireland,5~14,0.123111141,0.336165013
602,Northern Ireland,15~49,14.88099246,40.63376366
603,Northern Ireland,50~69,11.85700009,32.37650584
604,Northern Ireland,70+,9.761131419,26.65356549
605,Northern Mariana Islands,5~14,0.687898714,1.253055716
606,Northern Mariana Islands,15~49,14.10975363,25.70190507
607,Northern Mariana Islands,50~69,13.81601244,25.1668349
608,Northern Mariana Islands,70+,26.2840309,47.87820431
609,Norway,5~14,0.533893823,1.058169103
610,Norway,15~49,15.85623272,31.42680221
611,Norway,50~69,18.47162887,36.61047596
612,Norway,70+,15.59273442,30.90455273
613,Oceania,5~14,2.034202727,2.567242947
614,Oceania,15~49,35.57045397,44.89129616
615,Oceania,50~69,20.35219127,25.68525683
616,Oceania,70+,21.2800131,26.85620406
617,Oman,5~14,0.209211094,1.257855251
618,Oman,15~49,4.358478544,26.20480113
619,Oman,50~69,4.579328121,27.53263129
620,Oman,70+,7.48534866,45.00471233
621,Pakistan,5~14,0.574358119,3.060330381
622,Pakistan,15~49,8.03491409,42.81212518
623,Pakistan,50~69,4.700803219,25.04710985
624,Pakistan,70+,5.457771427,29.08043458
625,Palestine,5~14,0.173292279,0.913717859
626,Palestine,15~49,6.379332716,33.63629511
627,Palestine,50~69,5.155389892,27.18281418
628,Palestine,70+,7.257607499,38.26717284
629,Panama,5~14,0.507369712,1.892848342
630,Panama,15~49,8.150668077,30.40776422
631,Panama,50~69,8.082671585,30.15408914
632,Panama,70+,10.06385284,37.5452983
633,Papua New Guinea,5~14,2.279833867,2.605543191
634,Papua New Guinea,15~49,41.21973115,47.10860358
635,Papua New Guinea,50~69,22.8424146,26.10580477
636,Papua New Guinea,70+,21.15738997,24.18004846
637,Paraguay,5~14,0.926164653,3.865113954
638,Paraguay,15~49,7.370312569,30.75813558
639,Paraguay,50~69,7.072811508,29.51659014
640,Paraguay,70+,8.592867724,35.86016033
641,Peru,5~14,0.369785797,1.819359718
642,Peru,15~49,5.193241457,25.55093892
643,Peru,50~69,5.934717814,29.19902986
644,Peru,70+,8.82730629,43.43067151
645,Philippines,5~14,0.187124959,0.547710212
646,Philippines,15~49,7.751769376,22.68924079
647,Philippines,50~69,8.768139259,25.66413077
648,Philippines,70+,17.45792348,51.09891823
649,Poland,5~14,0.742590309,1.092350351
650,Poland,15~49,20.77340823,30.55768368
651,Poland,50~69,28.21678617,41.5068927
652,Poland,70+,18.24818023,26.84307327
653,Portugal,5~14,0.233189071,0.357446091
654,Portugal,15~49,10.88354014,16.68293831
655,Portugal,50~69,18.23853628,27.95711429
656,Portugal,70+,35.88228404,55.00250131
657,Puerto Rico,5~14,0.197123408,0.530660036
658,Puerto Rico,15~49,9.638326657,25.94656222
659,Puerto Rico,50~69,12.01064682,32.33289408
660,Puerto Rico,70+,15.30073812,41.18988367
661,Qatar,5~14,0.27226808,1.035644602
662,Qatar,15~49,8.186953375,31.14127099
663,Qatar,50~69,8.429222197,32.06280538
664,Qatar,70+,9.401277716,35.76027903
665,Romania,5~14,0.731334397,1.43760018
666,Romania,15~49,12.81890971,25.19841398
667,Romania,50~69,19.61351672,38.55472307
668,Romania,70+,17.70813024,34.80926277
669,Russia,5~14,1.746447742,1.12493808
670,Russia,15~49,51.61441489,33.24635452
671,Russia,50~69,54.04739709,34.81350952
672,Russia,70+,47.84008446,30.81519788
673,Rwanda,5~14,1.027868975,0.766420365
674,Rwanda,15~49,10.36623561,7.729481366
675,Rwanda,50~69,38.4249576,28.65119073
676,Rwanda,70+,84.29388957,62.85290754
677,Saint Lucia,5~14,0.269384748,0.697651979
678,Saint Lucia,15~49,8.143673345,21.09046586
679,Saint Lucia,50~69,11.4103368,29.5504631
680,Saint Lucia,70+,18.78966088,48.66141906
681,Saint Vincent and the Grenadines,5~14,0.363444529,1.000330874
682,Saint Vincent and the Grenadines,15~49,8.136654313,22.39501733
683,Saint Vincent and the Grenadines,50~69,10.98119898,30.22423371
684,Saint Vincent and the Grenadines,70+,16.85113359,46.38041809
685,Samoa,5~14,1.145680441,2.11374846
686,Samoa,15~49,17.46489583,32.2222457
687,Samoa,50~69,13.08244439,24.13674502
688,Samoa,70+,22.5083407,41.52726082
689,Sao Tome and Principe,5~14,0.222524147,1.247343569
690,Sao Tome and Principe,15~49,3.357069707,18.81781982
691,Sao Tome and Principe,50~69,5.720248722,32.06445478
692,Sao Tome and Principe,70+,8.540001456,47.87038183
693,Saudi Arabia,5~14,0.079080619,0.571365249
694,Saudi Arabia,15~49,3.17317704,22.92651606
695,Saudi Arabia,50~69,4.490033621,32.44093432
696,Saudi Arabia,70+,6.098350845,44.06118437
697,Scotland,5~14,0.122811996,0.272989133
698,Scotland,15~49,18.9336114,42.08603682
699,Scotland,50~69,15.06830613,33.4941535
700,Scotland,70+,10.86314016,24.14682055
701,Senegal,5~14,0.608123683,0.575855296
702,Senegal,15~49,7.285022061,6.898462686
703,Senegal,50~69,28.48225311,26.9709218
704,Senegal,70+,69.2281594,65.55476022
705,Serbia,5~14,0.45993603,0.416812099
706,Serbia,15~49,17.24699944,15.62990844
707,Serbia,50~69,32.75831375,29.68687084
708,Serbia,70+,59.88088302,54.26640862
709,Seychelles,5~14,0.184567509,0.357395891
710,Seychelles,15~49,11.49261425,22.25425881
711,Seychelles,50~69,15.37192333,29.76613962
712,Seychelles,70+,24.59320906,47.62220568
713,Sierra Leone,5~14,0.430903605,0.593991847
714,Sierra Leone,15~49,6.500004229,8.960123503
715,Sierra Leone,50~69,19.63691001,27.06908069
716,Sierra Leone,70+,45.97587228,63.37680396
717,Singapore,5~14,0.45913618,0.67057192
718,Singapore,15~49,11.6553029,17.02265946
719,Singapore,50~69,17.41119881,25.42918969
720,Singapore,70+,38.94370394,56.87757893
721,Slovakia,5~14,0.451178545,0.746054736
722,Slovakia,15~49,15.37124426,25.41740892
723,Slovakia,50~69,22.9246222,37.90743852
724,Slovakia,70+,21.72821551,35.92909782
725,Slovenia,5~14,0.897153897,0.736206145
726,Slovenia,15~49,25.53170444,20.95136382
727,Slovenia,50~69,44.76442448,36.73376941
728,Slovenia,70+,50.66849506,41.57866063
729,Solomon Islands,5~14,1.456498335,2.047917978
730,Solomon Islands,15~49,29.23725014,41.10920608
731,Solomon Islands,50~69,19.13552193,26.90561221
732,Solomon Islands,70+,21.29166072,29.93726373
733,Somalia,5~14,0.611296727,0.741837634
734,Somalia,15~49,6.965041403,8.452408804
735,Somalia,50~69,25.11303993,30.47586763
736,Somalia,70+,49.71365715,60.32988594
737,South Africa,5~14,0.101668923,0.141546012
738,South Africa,15~49,24.8430562,34.58712292
739,South Africa,50~69,23.83473308,33.18331031
740,South Africa,70+,23.04801428,32.08802076
741,South Asia,5~14,1.419667343,2.173236
742,South Asia,15~49,22.90431538,35.06207492
743,South Asia,50~69,17.79815583,27.24553268
744,South Asia,70+,23.20290405,35.5191564
745,South Korea,5~14,0.796055855,0.604898781
746,South Korea,15~49,20.89337568,15.87624462
747,South Korea,50~69,34.60156164,26.29268076
748,South Korea,70+,75.31050443,57.22617584
749,South Sudan,5~14,0.629264612,0.605641911
750,South Sudan,15~49,7.119626883,6.852354878
751,South Sudan,50~69,29.27049655,28.17167713
752,South Sudan,70+,66.88105217,64.37032608
753,Southeast Asia,5~14,0.236399058,0.600386488
754,Southeast Asia,15~49,9.231415131,23.44517343
755,Southeast Asia,50~69,11.24041783,28.54746989
756,Southeast Asia,70+,18.66624801,47.40697019
757,"Southeast Asia, East Asia, and Oceania",5~14,0.889815004,1.113948044
758,"Southeast Asia, East Asia, and Oceania",15~49,12.1702691,15.23580452
759,"Southeast Asia, East Asia, and Oceania",50~69,17.78344584,22.26286881
760,"Southeast Asia, East Asia, and Oceania",70+,49.03586919,61.38737863
761,Southern Latin America,5~14,0.726580569,1.18343481
762,Southern Latin America,15~49,15.2585725,24.85275086
763,Southern Latin America,50~69,18.89204154,30.77084712
764,Southern Latin America,70+,26.51871519,43.19296722
765,Southern Sub-Saharan Africa,5~14,0.129914308,0.150502951
766,Southern Sub-Saharan Africa,15~49,24.69863629,28.61284261
767,Southern Sub-Saharan Africa,50~69,28.59090434,33.12195202
768,Southern Sub-Saharan Africa,70+,32.90065182,38.11470242
769,Spain,5~14,0.202474385,0.509208527
770,Spain,15~49,7.437731997,18.70536143
771,Spain,50~69,11.60473076,29.18506384
772,Spain,70+,20.51763052,51.6003662
773,Sri Lanka,5~14,0.954238322,0.53149638
774,Sri Lanka,15~49,35.02824168,19.51020331
775,Sri Lanka,50~69,45.05827967,25.09678348
776,Sri Lanka,70+,98.49730625,54.86151683
777,Sub-Saharan Africa,5~14,0.567205157,0.635722833
778,Sub-Saharan Africa,15~49,9.160977759,10.26761245
779,Sub-Saharan Africa,50~69,25.8395834,28.96097284
780,Sub-Saharan Africa,70+,53.65431728,60.13569188
781,Sudan,5~14,0.416115506,1.799569374
782,Sudan,15~49,8.004183096,34.61558765
783,Sudan,50~69,6.477725989,28.01413823
784,Sudan,70+,8.225035397,35.57070475
785,Suriname,5~14,1.44109762,1.115753262
786,Suriname,15~49,31.44900262,24.34902866
787,Suriname,50~69,37.9721003,29.39946203
788,Suriname,70+,58.2969666,45.13575605
789,Swaziland,5~14,0.162234855,0.150993478
790,Swaziland,15~49,29.83178769,27.76472036
791,Swaziland,50~69,41.15429638,38.3026838
792,Swaziland,70+,36.29662306,33.78160236
793,Sweden,5~14,0.334473947,0.501941255
794,Sweden,15~49,17.04451674,25.57851276
795,Sweden,50~69,24.17721286,36.28246886
796,Sweden,70+,25.07987063,37.63707712
797,Switzerland,5~14,0.405138321,0.475333508
798,Switzerland,15~49,17.53180303,20.56940314
799,Switzerland,50~69,27.02996655,31.71324008
800,Switzerland,70+,40.26552649,47.24202327
801,Syria,5~14,0.127905873,0.839239389
802,Syria,15~49,3.966241606,26.02402935
803,Syria,50~69,4.672447362,30.65771564
804,Syria,70+,6.474095032,42.47901562
805,Taiwan,5~14,0.251581029,0.298571572
806,Taiwan,15~49,15.42804423,18.30970892
807,Taiwan,50~69,24.13985303,28.64871761
808,Taiwan,70+,44.44207001,52.74300189
809,Tajikistan,5~14,0.450262464,2.014844951
810,Tajikistan,15~49,6.857150143,30.68453504
811,Tajikistan,50~69,7.688558436,34.40494021
812,Tajikistan,70+,7.35128022,32.8956798
813,Tanzania,5~14,0.555229901,0.725438671
814,Tanzania,15~49,5.471659153,7.149026267
815,Tanzania,50~69,20.88984321,27.29373918
816,Tanzania,70+,49.6203925,64.83179589
817,Thailand,5~14,0.434089742,0.785166943
818,Thailand,15~49,19.71131037,35.65315605
819,Thailand,50~69,14.98091522,27.09697621
820,Thailand,70+,20.15998342,36.46470079
821,Timor,5~14,0.447700373,1.004962449
822,Timor,15~49,11.21161852,25.16695605
823,Timor,50~69,12.80851941,28.75155309
824,Timor,70+,20.08112701,45.07652841
825,Togo,5~14,0.459150107,0.494160218
826,Togo,15~49,8.603342452,9.259345737
827,Togo,50~69,27.39924532,29.48843276
828,Togo,70+,56.4534928,60.75806129
829,Tonga,5~14,0.51913531,1.825831948
830,Tonga,15~49,7.949220419,27.95791447
831,Tonga,50~69,6.968416507,24.50836465
832,Tonga,70+,12.99603676,45.70788894
833,Trinidad and Tobago,5~14,0.963898963,1.932224544
834,Trinidad and Tobago,15~49,17.82752681,35.73692492
835,Trinidad and Tobago,50~69,15.4400319,30.95097074
836,Trinidad and Tobago,70+,15.65399512,31.37987979
837,Tropical Latin America,5~14,0.405628519,1.373830998
838,Tropical Latin America,15~49,8.134538467,27.55102407
839,Tropical Latin America,50~69,9.651375848,32.68842964
840,Tropical Latin America,70+,11.33381508,38.38671529
841,Tunisia,5~14,0.276160712,1.480803926
842,Tunisia,15~49,4.045582594,21.69285612
843,Tunisia,50~69,4.404042906,23.6149595
844,Tunisia,70+,9.923591129,53.21138045
845,Turkey,5~14,0.352613562,1.998684083
846,Turkey,15~49,4.435902951,25.14358372
847,Turkey,50~69,4.553702757,25.81129654
848,Turkey,70+,8.300066731,47.04643565
849,Turkmenistan,5~14,0.999296994,2.529943946
850,Turkmenistan,15~49,15.17538733,38.41988871
851,Turkmenistan,50~69,11.69054539,29.59723156
852,Turkmenistan,70+,11.63355032,29.45293578
853,Uganda,5~14,0.540784326,0.4152389
854,Uganda,15~49,6.959686,5.343964721
855,Uganda,50~69,34.72122428,26.66054153
856,Uganda,70+,88.01281037,67.58025485
857,Ukraine,5~14,1.133761016,0.975572564
858,Ukraine,15~49,33.54882587,28.86791273
859,Ukraine,50~69,43.09874946,37.08537948
860,Ukraine,70+,38.43359814,33.07113523
861,United Arab Emirates,5~14,0.130218597,0.559993945
862,United Arab Emirates,15~49,6.22014874,26.74921797
863,United Arab Emirates,50~69,8.335177489,35.84471832
864,United Arab Emirates,70+,8.568027474,36.84606977
865,United Kingdom,5~14,0.10077937,0.305868891
866,United Kingdom,15~49,12.07431381,36.6459623
867,United Kingdom,50~69,11.01940389,33.444274
868,United Kingdom,70+,9.754054568,29.60389481
869,United States,5~14,0.749523544,1.386388372
870,United States,15~49,16.04835633,29.68453063
871,United States,50~69,17.56751339,32.49450464
872,United States,70+,19.6976355,36.43457636
873,United States Virgin Islands,5~14,0.205407814,0.510068508
874,United States Virgin Islands,15~49,6.131542884,15.22584206
875,United States Virgin Islands,50~69,13.45919286,33.42185624
876,United States Virgin Islands,70+,20.47448883,50.84223319
877,Uruguay,5~14,0.726488665,0.862998526
878,Uruguay,15~49,17.80254155,21.14770383
879,Uruguay,50~69,27.11002927,32.20410233
880,Uruguay,70+,38.5428531,45.78519532
881,Uzbekistan,5~14,1.45393976,3.534162584
882,Uzbekistan,15~49,13.18414688,32.04735152
883,Uzbekistan,50~69,14.26251369,34.66859055
884,Uzbekistan,70+,12.23898298,29.74989535
885,Vanuatu,5~14,1.40227677,1.876084132
886,Vanuatu,15~49,29.54184348,39.52356978
887,Vanuatu,50~69,18.92816718,25.32369847
888,Vanuatu,70+,24.87258922,33.27664762
889,Venezuela,5~14,0.618383905,1.634324746
890,Venezuela,15~49,12.75806339,33.71824291
891,Venezuela,50~69,10.57961478,27.96082839
892,Venezuela,70+,13.88121024,36.68660395
893,Vietnam,5~14,0.169526413,0.364641309
894,Vietnam,15~49,9.018449859,19.39815341
895,Vietnam,50~69,16.03071082,34.48111289
896,Vietnam,70+,21.27259313,45.7560924
897,Wales,5~14,0.102047667,0.290752052
898,Wales,15~49,13.52833871,38.54465601
899,Wales,50~69,11.48562667,32.72460415
900,Wales,70+,9.981819206,28.43998778
901,Western Europe,5~14,0.267678936,0.470096609
902,Western Europe,15~49,13.13714524,23.07139863
903,Western Europe,50~69,17.8441145,31.33775804
904,Western Europe,70+,25.69232202,45.12074672
905,Western Sub-Saharan Africa,5~14,0.451713943,0.573829485
906,Western Sub-Saharan Africa,15~49,6.1193748,7.773675681
907,Western Sub-Saharan Africa,50~69,20.71009145,26.30882068
908,Western Sub-Saharan Africa,70+,51.43801328,65.34367415
909,World,5~14,0.911647955,1.305656178
910,World,15~49,15.43974629,22.11270264
911,World,50~69,20.01430255,28.6643519
912,World,70+,33.45727573,47.91728929
913,Yemen,5~14,0.424790345,1.669831703
914,Yemen,15~49,9.162379439,36.01690065
915,Yemen,50~69,7.430876557,29.21044086
916,Yemen,70+,8.421064946,33.10282679
917,Zambia,5~14,0.867009046,0.710642301
918,Zambia,15~49,9.006175989,7.381894869
919,Zambia,50~69,33.81793047,27.71880182
920,Zambia,70+,78.31246419,64.18866101
921,Zimbabwe,5~14,0.207698751,0.125479695
922,Zimbabwe,15~49,25.55898262,15.4412741
923,Zimbabwe,50~69,50.99446855,30.80793858
924,Zimbabwe,70+,88.76264331,53.62530763
,,,,0.620177827
,,,,17.8978426
,,,,36.64038053
,,,,44.84159904
,,,,3.005679156
,,,,29.86641523
,,,,26.63021545
,,,,40.49769016
,,,,2.616409561
,,,,35.51028555
,,,,22.89917806
,,,,38.97412683
,,,,1.696257963
,,,,30.88669981
,,,,26.10625798
,,,,41.31078425
,,,,3.121894792
,,,,28.09500562
,,,,30.15357463
,,,,38.62952496
,,,,0.347948847
,,,,34.17755032
,,,,33.74179515
,,,,31.73270569
,,,,0.701688075
,,,,9.255735473
,,,,30.49737073
,,,,59.54520573
,,,,0.627080439
,,,,24.9533447
,,,,27.76154741
,,,,46.65802745
,,,,1.320825449
,,,,24.07191126
,,,,30.02836714
,,,,44.57889615
,,,,0.642834743
,,,,16.44863657
,,,,27.41208392
,,,,55.49644477
,,,,0.937707481
,,,,36.26249107
,,,,30.72387327
,,,,32.07592818
,,,,0.75214909
,,,,35.60453168
,,,,30.89733045
,,,,32.74598877
,,,,0.498593517
,,,,19.95277447
,,,,30.41264383
,,,,49.13598818
,,,,1.343507499
,,,,22.17146674
,,,,31.08967843
,,,,45.39534733
,,,,0.648707941
,,,,25.04219308
,,,,31.56999505
,,,,42.73910393
,,,,0.533112972
,,,,30.11903747
,,,,29.46313251
,,,,39.88471704
,,,,5.248731986
,,,,36.39675526
,,,,24.51226118
,,,,33.84225157
,,,,1.040479106
,,,,21.24004412
,,,,27.13111129
,,,,50.58836548
,,,,0.900376009
,,,,28.74072585
,,,,38.94268615
,,,,31.41621199
,,,,0.514495959
,,,,26.03472626
,,,,32.88426544
,,,,40.56651234
,,,,0.709135234
,,,,21.38340722
,,,,30.14547534
,,,,47.76198221
,,,,0.505865864
,,,,8.262838327
,,,,28.49625836
,,,,62.73503745
,,,,0.600016838
,,,,17.80001172
,,,,27.42607275
,,,,54.17389869
,,,,0.930167423
,,,,19.21707542
,,,,32.64925865
,,,,47.2034985
,,,,1.791967078
,,,,22.21095063
,,,,34.71569789
,,,,41.2813844
,,,,1.710486084
,,,,23.03373935
,,,,29.70109438
,,,,45.55468018
,,,,0.148162152
,,,,21.86897399
,,,,34.21646301
,,,,43.76640085
,,,,1.300076333
,,,,27.49332698
,,,,32.74879165
,,,,38.45780504
,,,,0.739647683
,,,,19.5394517
,,,,30.54828671
,,,,49.1726139
,,,,1.200422897
,,,,15.54546365
,,,,27.54993989
,,,,55.70417356
,,,,0.545855303
,,,,7.762193885
,,,,27.50339491
,,,,64.18855591
,,,,0.645172466
,,,,8.362474503
,,,,30.38144001
,,,,60.61091303
,,,,0.468988451
,,,,21.64587341
,,,,35.21997704
,,,,42.66516109
,,,,0.477370921
,,,,8.68131554
,,,,29.13627619
,,,,61.70503735
,,,,1.878806185
,,,,36.05719443
,,,,34.61795626
,,,,27.44604312
,,,,0.657500429
,,,,20.76306448
,,,,29.55710257
,,,,49.02233252
,,,,0.770517264
,,,,18.45947123
,,,,29.07897803
,,,,51.69103348
,,,,0.681439363
,,,,11.81855377
,,,,35.82960596
,,,,51.6704009
,,,,2.390737192
,,,,29.37571247
,,,,34.18492593
,,,,34.0486244
,,,,0.900178537
,,,,22.83807534
,,,,35.02358861
,,,,41.23815752
,,,,1.159008514
,,,,29.08289617
,,,,35.69000093
,,,,34.06809439
,,,,2.600701781
,,,,32.54924781
,,,,28.69870211
,,,,36.1513483
,,,,0.644261041
,,,,9.927431843
,,,,31.34523986
,,,,58.08306726
,,,,0.494914745
,,,,7.398737356
,,,,27.74578302
,,,,64.36056488
,,,,0.96695416
,,,,27.682511
,,,,32.85934633
,,,,38.49118851
,,,,1.3665898
,,,,14.1802898
,,,,21.40056893
,,,,63.05255147
,,,,3.391503068
,,,,33.55811028
,,,,28.25595193
,,,,34.79443472
,,,,0.920787952
,,,,9.338080645
,,,,28.71732286
,,,,61.02380855
,,,,0.59864837
,,,,10.89490605
,,,,33.39668099
,,,,55.10976458
,,,,1.76766018
,,,,33.13534146
,,,,35.21577268
,,,,29.88122568
,,,,0.544810694
,,,,7.834170901
,,,,27.93755313
,,,,63.68346528
,,,,0.755962153
,,,,17.12617943
,,,,32.82943407
,,,,49.28842434
,,,,0.526394486
,,,,15.52185347
,,,,27.57787144
,,,,56.3738806
,,,,0.37087515
,,,,32.7361641
,,,,34.98405151
,,,,31.90890923
,,,,0.773878756
,,,,23.04858535
,,,,31.80350032
,,,,44.37403557
,,,,0.62099594
,,,,9.816216999
,,,,30.81406221
,,,,58.74872485
,,,,0.306171202
,,,,21.55775767
,,,,35.06802381
,,,,43.06804732
,,,,0.922397521
,,,,8.614370611
,,,,28.83540338
,,,,61.62782849
,,,,1.155349468
,,,,23.34062115
,,,,26.63500852
,,,,48.86902087
,,,,1.034413992
,,,,20.82252107
,,,,30.73053337
,,,,47.41253157
,,,,1.353916597
,,,,14.35199867
,,,,21.63524762
,,,,62.65883712
,,,,1.078494497
,,,,32.19208023
,,,,35.59078258
,,,,31.13864269
,,,,0.726521497
,,,,7.647644033
,,,,28.49177621
,,,,63.13405826
,,,,5.381135923
,,,,34.66556091
,,,,27.85139559
,,,,32.10190758
,,,,1.872833059
,,,,29.26345274
,,,,27.74389154
,,,,41.11982266
,,,,2.757572932
,,,,37.06120109
,,,,28.89502992
,,,,31.28619605
,,,,0.309964785
,,,,35.5935484
,,,,33.47919596
,,,,30.61729086
,,,,0.687396732
,,,,9.738260739
,,,,31.01771885
,,,,58.55662368
,,,,0.820228181
,,,,12.10948129
,,,,35.49548321
,,,,51.57480732
,,,,1.103129269
,,,,27.40714137
,,,,37.31901393
,,,,34.17071543
,,,,0.882807541
,,,,7.864005276
,,,,28.97930658
,,,,62.27388061
,,,,2.873031758
,,,,29.69611685
,,,,26.91561924
,,,,40.51523215
,,,,0.586738325
,,,,34.52683059
,,,,36.32618681
,,,,28.56024428
,,,,0.353444541
,,,,22.21863746
,,,,30.14570991
,,,,47.2822081
,,,,0.586547623
,,,,10.07927454
,,,,32.98264252
,,,,56.35153531
,,,,0.447461004
,,,,7.967622027
,,,,30.00754765
,,,,61.57736932
,,,,0.758918625
,,,,20.91623983
,,,,31.08631167
,,,,47.23852987
,,,,0.557016531
,,,,20.73829812
,,,,31.14775112
,,,,47.55693423
,,,,0.538377742
,,,,9.35053266
,,,,28.6653259
,,,,61.4457637
,,,,0.564642929
,,,,22.34287942
,,,,31.1756213
,,,,45.91685635
,,,,3.692307496
,,,,38.05842278
,,,,31.82497276
,,,,26.42429696
,,,,0.767333336
,,,,21.28637212
,,,,32.15344815
,,,,45.79284639
,,,,1.906049458
,,,,33.38929346
,,,,25.9014872
,,,,38.80316988
,,,,0.868092252
,,,,33.10347083
,,,,32.0382218
,,,,33.99021512
,,,,0.516400555
,,,,8.238948697
,,,,28.76334143
,,,,62.48130932
,,,,0.536780666
,,,,9.750122556
,,,,31.22928187
,,,,58.48381491
,,,,0.972229611
,,,,26.40012644
,,,,31.13066102
,,,,41.49698292
,,,,1.161347488
,,,,21.38997184
,,,,32.21516998
,,,,45.2335107
,,,,0.835678698
,,,,24.33638365
,,,,32.70737036
,,,,42.12056729
,,,,0.583724329
,,,,20.55114114
,,,,34.59476979
,,,,44.27036474
,,,,1.105161208
,,,,20.35957781
,,,,29.62298904
,,,,48.91227194
,,,,0.819976818
,,,,24.1709373
,,,,33.08047537
,,,,41.92861051
,,,,1.168109186
,,,,24.42799406
,,,,26.8768999
,,,,47.52699685
,,,,0.447792483
,,,,20.19954239
,,,,33.17332948
,,,,46.17933565
,,,,0.484783774
,,,,20.01752894
,,,,28.65451633
,,,,50.84317096
,,,,2.05463071
,,,,35.21585118
,,,,27.08614158
,,,,35.64337653
,,,,1.074020824
,,,,26.40510818
,,,,29.16918821
,,,,43.3516828
,,,,3.466875508
,,,,38.25118585
,,,,22.38563729
,,,,35.89630136
,,,,0.736601104
,,,,33.88818543
,,,,32.45951641
,,,,32.91569706
,,,,0.942882566
,,,,39.23841087
,,,,38.41045307
,,,,21.4082535
,,,,0.574963807
,,,,21.72385998
,,,,28.46604928
,,,,49.23512694
,,,,0.528058053
,,,,19.76950022
,,,,30.3609628
,,,,49.34147893
,,,,1.249570081
,,,,26.48379436
,,,,32.27826673
,,,,39.98836883
,,,,0.507703597
,,,,21.85965967
,,,,36.39992173
,,,,41.23271501
,,,,0.974160669
,,,,27.03775862
,,,,26.80344527
,,,,45.18463545
,,,,2.14637122
,,,,31.40617407
,,,,34.57536429
,,,,31.87209042
,,,,0.571351679
,,,,6.946025463
,,,,27.9555116
,,,,64.52711125
,,,,2.604946591
,,,,46.46001529
,,,,24.33856829
,,,,26.59646983
,,,,0.833424533
,,,,38.31177674
,,,,29.62514388
,,,,31.22965484
,,,,2.640482597
,,,,27.04575118
,,,,38.48754794
,,,,31.82621828
,,,,1.260117252
,,,,31.26192318
,,,,29.03097504
,,,,38.44698453
,,,,1.865111669
,,,,27.10175361
,,,,30.12227787
,,,,40.91085685
,,,,0.729126878
,,,,26.87521236
,,,,38.21248964
,,,,34.18317112
,,,,1.387528965
,,,,33.22047502
,,,,25.75170153
,,,,39.64029448
,,,,0.110372403
,,,,19.25993648
,,,,33.15018334
,,,,47.47950778
,,,,0.452139097
,,,,7.588209228
,,,,27.92377851
,,,,64.03587317
,,,,1.403552176
,,,,33.49051176
,,,,27.03412382
,,,,38.07181225
,,,,0.712100269
,,,,30.21460357
,,,,40.13948608
,,,,28.93381008
,,,,1.475124509
,,,,27.60579066
,,,,28.36539205
,,,,42.55369278
,,,,1.608762736
,,,,22.07188599
,,,,28.20389438
,,,,48.1154569
,,,,0.409177354
,,,,20.61763864
,,,,30.8072668
,,,,48.1659172
,,,,1.059310238
,,,,16.28047807
,,,,29.26723143
,,,,53.39298027
,,,,1.003224322
,,,,9.308943732
,,,,28.53402042
,,,,61.15381152
,,,,0.626801382
,,,,7.755669001
,,,,28.18099301
,,,,63.43653661
,,,,0.168549909
,,,,13.38691114
,,,,27.50626102
,,,,58.93827793
,,,,0.644134254
,,,,17.05657519
,,,,27.42416061
,,,,54.87512995
,,,,0.720106485
,,,,9.313331731
,,,,27.98334158
,,,,61.98322021
,,,,0.554411121
,,,,21.24020291
,,,,26.86255896
,,,,51.34282701
,,,,1.835160151
,,,,37.77660365
,,,,27.47593274
,,,,32.91230346
,,,,0.607817108
,,,,7.968380524
,,,,28.65735844
,,,,62.76644392
,,,,2.051581298
,,,,40.04400908
,,,,28.4358075
,,,,29.46860211
,,,,3.068338107
,,,,31.09306194
,,,,28.15753199
,,,,37.68106797
,,,,2.104276692
,,,,37.34867855
,,,,25.61068905
,,,,34.93635572
,,,,1.246099164
,,,,18.49804859
,,,,23.50089625
,,,,56.754956
,,,,1.134030635
,,,,26.83826304
,,,,43.91997241
,,,,28.10773392
,,,,5.051296761
,,,,43.2297554
,,,,29.19040416
,,,,22.52854368
,,,,1.095164869
,,,,19.43474748
,,,,32.28483216
,,,,47.18525549
,,,,1.536537617
,,,,30.8135628
,,,,28.61391252
,,,,39.03598706
,,,,0.666470702
,,,,8.674027508
,,,,28.224095
,,,,62.43540679
,,,,0.703511562
,,,,29.23333516
,,,,30.78096437
,,,,39.28218891
,,,,0.138263631
,,,,22.98450377
,,,,37.23096107
,,,,39.64627153
,,,,1.735234245
,,,,31.34289684
,,,,28.22029958
,,,,38.70156933
,,,,0.590119852
,,,,25.63582903
,,,,33.7392307
,,,,40.03482042
,,,,1.817195004
,,,,39.67941527
,,,,29.89937748
,,,,28.60401224
,,,,3.747986296
,,,,39.94001552
,,,,28.93712973
,,,,27.37486846
,,,,0.589582984
,,,,8.622707167
,,,,28.03368196
,,,,62.75402789
,,,,0.613023337
,,,,6.88821181
,,,,23.6419294
,,,,68.85683546
,,,,1.832287885
,,,,30.73075794
,,,,27.35216504
,,,,40.08478914
,,,,1.431321892
,,,,30.27925372
,,,,32.67991907
,,,,35.60950532
,,,,1.463605752
,,,,23.36294246
,,,,31.67916831
,,,,43.49428348
,,,,0.336165013
,,,,40.63376366
,,,,32.37650584
,,,,26.65356549
,,,,1.253055716
,,,,25.70190507
,,,,25.1668349
,,,,47.87820431
,,,,1.058169103
,,,,31.42680221
,,,,36.61047596
,,,,30.90455273
,,,,2.567242947
,,,,44.89129616
,,,,25.68525683
,,,,26.85620406
,,,,1.257855251
,,,,26.20480113
,,,,27.53263129
,,,,45.00471233
,,,,3.060330381
,,,,42.81212518
,,,,25.04710985
,,,,29.08043458
,,,,0.913717859
,,,,33.63629511
,,,,27.18281418
,,,,38.26717284
,,,,1.892848342
,,,,30.40776422
,,,,30.15408914
,,,,37.5452983
,,,,2.605543191
,,,,47.10860358
,,,,26.10580477
,,,,24.18004846
,,,,3.865113954
,,,,30.75813558
,,,,29.51659014
,,,,35.86016033
,,,,1.819359718
,,,,25.55093892
,,,,29.19902986
,,,,43.43067151
,,,,0.547710212
,,,,22.68924079
,,,,25.66413077
,,,,51.09891823
,,,,1.092350351
,,,,30.55768368
,,,,41.5068927
,,,,26.84307327
,,,,0.357446091
,,,,16.68293831
,,,,27.95711429
,,,,55.00250131
,,,,0.530660036
,,,,25.94656222
,,,,32.33289408
,,,,41.18988367
,,,,1.035644602
,,,,31.14127099
,,,,32.06280538
,,,,35.76027903
,,,,1.43760018
,,,,25.19841398
,,,,38.55472307
,,,,34.80926277
,,,,1.12493808
,,,,33.24635452
,,,,34.81350952
,,,,30.81519788
,,,,0.766420365
,,,,7.729481366
,,,,28.65119073
,,,,62.85290754
,,,,0.697651979
,,,,21.09046586
,,,,29.5504631
,,,,48.66141906
,,,,1.000330874
,,,,22.39501733
,,,,30.22423371
,,,,46.38041809
,,,,2.11374846
,,,,32.2222457
,,,,24.13674502
,,,,41.52726082
,,,,1.247343569
,,,,18.81781982
,,,,32.06445478
,,,,47.87038183
,,,,0.571365249
,,,,22.92651606
,,,,32.44093432
,,,,44.06118437
,,,,0.272989133
,,,,42.08603682
,,,,33.4941535
,,,,24.14682055
,,,,0.575855296
,,,,6.898462686
,,,,26.9709218
,,,,65.55476022
,,,,0.416812099
,,,,15.62990844
,,,,29.68687084
,,,,54.26640862
,,,,0.357395891
,,,,22.25425881
,,,,29.76613962
,,,,47.62220568
,,,,0.593991847
,,,,8.960123503
,,,,27.06908069
,,,,63.37680396
,,,,0.67057192
,,,,17.02265946
,,,,25.42918969
,,,,56.87757893
,,,,0.746054736
,,,,25.41740892
,,,,37.90743852
,,,,35.92909782
,,,,0.736206145
,,,,20.95136382
,,,,36.73376941
,,,,41.57866063
,,,,2.047917978
,,,,41.10920608
,,,,26.90561221
,,,,29.93726373
,,,,0.741837634
,,,,8.452408804
,,,,30.47586763
,,,,60.32988594
,,,,0.141546012
,,,,34.58712292
,,,,33.18331031
,,,,32.08802076
,,,,2.173236
,,,,35.06207492
,,,,27.24553268
,,,,35.5191564
,,,,0.604898781
,,,,15.87624462
,,,,26.29268076
,,,,57.22617584
,,,,0.605641911
,,,,6.852354878
,,,,28.17167713
,,,,64.37032608
,,,,0.600386488
,,,,23.44517343
,,,,28.54746989
,,,,47.40697019
,,,,1.113948044
,,,,15.23580452
,,,,22.26286881
,,,,61.38737863
,,,,1.18343481
,,,,24.85275086
,,,,30.77084712
,,,,43.19296722
,,,,0.150502951
,,,,28.61284261
,,,,33.12195202
,,,,38.11470242
,,,,0.509208527
,,,,18.70536143
,,,,29.18506384
,,,,51.6003662
,,,,0.53149638
,,,,19.51020331
,,,,25.09678348
,,,,54.86151683
,,,,0.635722833
,,,,10.26761245
,,,,28.96097284
,,,,60.13569188
,,,,1.799569374
,,,,34.61558765
,,,,28.01413823
,,,,35.57070475
,,,,1.115753262
,,,,24.34902866
,,,,29.39946203
,,,,45.13575605
,,,,0.150993478
,,,,27.76472036
,,,,38.3026838
,,,,33.78160236
,,,,0.501941255
,,,,25.57851276
,,,,36.28246886
,,,,37.63707712
,,,,0.475333508
,,,,20.56940314
,,,,31.71324008
,,,,47.24202327
,,,,0.839239389
,,,,26.02402935
,,,,30.65771564
,,,,42.47901562
,,,,0.298571572
,,,,18.30970892
,,,,28.64871761
,,,,52.74300189
,,,,2.014844951
,,,,30.68453504
,,,,34.40494021
,,,,32.8956798
,,,,0.725438671
,,,,7.149026267
,,,,27.29373918
,,,,64.83179589
,,,,0.785166943
,,,,35.65315605
,,,,27.09697621
,,,,36.46470079
,,,,1.004962449
,,,,25.16695605
,,,,28.75155309
,,,,45.07652841
,,,,0.494160218
,,,,9.259345737
,,,,29.48843276
,,,,60.75806129
,,,,1.825831948
,,,,27.95791447
,,,,24.50836465
,,,,45.70788894
,,,,1.932224544
,,,,35.73692492
,,,,30.95097074
,,,,31.37987979
,,,,1.373830998
,,,,27.55102407
,,,,32.68842964
,,,,38.38671529
,,,,1.480803926
,,,,21.69285612
,,,,23.6149595
,,,,53.21138045
,,,,1.998684083
,,,,25.14358372
,,,,25.81129654
,,,,47.04643565
,,,,2.529943946
,,,,38.41988871
,,,,29.59723156
,,,,29.45293578
,,,,0.4152389
,,,,5.343964721
,,,,26.66054153
,,,,67.58025485
,,,,0.975572564
,,,,28.86791273
,,,,37.08537948
,,,,33.07113523
,,,,0.559993945
,,,,26.74921797
,,,,35.84471832
,,,,36.84606977
,,,,0.305868891
,,,,36.6459623
,,,,33.444274
,,,,29.60389481
,,,,1.386388372
,,,,29.68453063
,,,,32.49450464
,,,,36.43457636
,,,,0.510068508
,,,,15.22584206
,,,,33.42185624
,,,,50.84223319
,,,,0.862998526
,,,,21.14770383
,,,,32.20410233
,,,,45.78519532
,,,,3.534162584
,,,,32.04735152
,,,,34.66859055
,,,,29.74989535
,,,,1.876084132
,,,,39.52356978
,,,,25.32369847
,,,,33.27664762
,,,,1.634324746
,,,,33.71824291
,,,,27.96082839
,,,,36.68660395
,,,,0.364641309
,,,,19.39815341
,,,,34.48111289
,,,,45.7560924
,,,,0.290752052
,,,,38.54465601
,,,,32.72460415
,,,,28.43998778
,,,,0.470096609
,,,,23.07139863
,,,,31.33775804
,,,,45.12074672
,,,,0.573829485
,,,,7.773675681
,,,,26.30882068
,,,,65.34367415
,,,,1.305656178
,,,,22.11270264
,,,,28.6643519
,,,,47.91728929
,,,,1.669831703
,,,,36.01690065
,,,,29.21044086
,,,,33.10282679
,,,,0.710642301
,,,,7.381894869
,,,,27.71880182
,,,,64.18866101
,,,,0.125479695
,,,,15.4412741
,,,,30.80793858
,,,,53.62530763
