,Country,Year,suicide rate
1,Afghanistan,1990,740
2,Afghanistan,1991,762
3,Afghanistan,1992,857
5,Afghanistan,1994,1029
6,Afghanistan,1995,1066
7,Afghanistan,1996,1099
8,Afghanistan,1997,1133
9,Afghanistan,1998,1161
10,Afghanistan,1999,1162
11,Afghanistan,2000,1172
12,Afghanistan,2001,1192
13,Afghanistan,2002,1239
14,Afghanistan,2003,1297
15,Afghanistan,2004,1321
16,Afghanistan,2005,1357
17,Afghanistan,2006,1371
18,Afghanistan,2007,1379
19,Afghanistan,2008,1412
20,Afghanistan,2009,1429
21,Afghanistan,2010,1457
22,Afghanistan,2011,1496
23,Afghanistan,2012,1528
24,Afghanistan,2013,1574
25,Afghanistan,2014,1612
26,Afghanistan,2015,1639
27,Afghanistan,2016,1674
29,Albania,1990,120
30,Albania,1991,128
31,Albania,1992,126
33,Albania,1994,119
35,Albania,1996,133
36,Albania,1997,142
37,Albania,1998,160
38,Albania,1999,161
39,Albania,2000,150
40,Albania,2001,155
42,Albania,2003,168
48,Albania,2009,165
52,Albania,2013,164
53,Albania,2014,165
54,Albania,2015,164
55,Albania,2016,163
57,Algeria,1990,1015
58,Algeria,1991,1056
59,Algeria,1992,1102
61,Algeria,1994,1238
62,Algeria,1995,1291
63,Algeria,1996,1347
64,Algeria,1997,1407
65,Algeria,1998,1450
66,Algeria,1999,1514
67,Algeria,2000,1559
68,Algeria,2001,1600
69,Algeria,2002,1638
70,Algeria,2003,1621
71,Algeria,2004,1641
72,Algeria,2005,1656
73,Algeria,2006,1665
74,Algeria,2007,1671
75,Algeria,2008,1670
76,Algeria,2009,1672
77,Algeria,2010,1666
78,Algeria,2011,1681
79,Algeria,2012,1681
80,Algeria,2013,1694
81,Algeria,2014,1714
82,Algeria,2015,1723
83,Algeria,2016,1703
169,Angola,1990,892
170,Angola,1991,927
171,Angola,1992,969
173,Angola,1994,1080
174,Angola,1995,1098
175,Angola,1996,1067
176,Angola,1997,1078
177,Angola,1998,1210
178,Angola,1999,1200
179,Angola,2000,1222
180,Angola,2001,1234
181,Angola,2002,1240
188,Angola,2009,1437
189,Angola,2010,1468
195,Angola,2016,1677
199,Antigua and Barbuda,1992,2
225,Argentina,1990,3207
226,Argentina,1991,3354
227,Argentina,1992,3624
229,Argentina,1994,3908
230,Argentina,1995,4040
231,Argentina,1996,4260
232,Argentina,1997,4413
234,Argentina,1999,4630
236,Argentina,2001,4730
238,Argentina,2003,4625
240,Argentina,2005,4382
244,Argentina,2009,4704
245,Argentina,2010,4662
246,Argentina,2011,4777
247,Argentina,2012,4911
248,Argentina,2013,4978
249,Argentina,2014,4928
250,Argentina,2015,4883
251,Argentina,2016,4972
254,Armenia,1991,113
255,Armenia,1992,126
257,Armenia,1994,140
258,Armenia,1995,144
259,Armenia,1996,139
261,Armenia,1998,128
262,Armenia,1999,125
263,Armenia,2000,125
264,Armenia,2001,134
270,Armenia,2007,250
272,Armenia,2009,289
276,Armenia,2013,311
278,Armenia,2015,310
279,Armenia,2016,308
337,Australia,1991,2362
338,Australia,1992,2394
340,Australia,1994,2468
341,Australia,1995,2514
342,Australia,1996,2594
343,Australia,1997,2673
344,Australia,1998,2720
346,Australia,2000,2584
347,Australia,2001,2493
352,Australia,2006,2363
354,Australia,2008,2550
355,Australia,2009,2606
356,Australia,2010,2656
359,Australia,2013,2742
360,Australia,2014,2903
361,Australia,2015,3027
362,Australia,2016,3018
364,Austria,1990,1923
365,Austria,1991,1930
366,Austria,1992,1888
368,Austria,1994,1851
369,Austria,1995,1836
370,Austria,1996,1794
371,Austria,1997,1698
372,Austria,1998,1664
380,Austria,2006,1455
381,Austria,2007,1452
382,Austria,2008,1426
383,Austria,2009,1482
385,Austria,2011,1464
387,Austria,2013,1449
390,Austria,2016,1434
393,Azerbaijan,1991,205
394,Azerbaijan,1992,209
396,Azerbaijan,1994,204
397,Azerbaijan,1995,196
398,Azerbaijan,1996,194
399,Azerbaijan,1997,196
402,Azerbaijan,2000,238
403,Azerbaijan,2001,274
404,Azerbaijan,2002,293
409,Azerbaijan,2007,455
410,Azerbaijan,2008,448
411,Azerbaijan,2009,445
416,Azerbaijan,2014,441
418,Azerbaijan,2016,430
427,Bahamas,1997,9
443,Bahamas,2013,12
449,Bahrain,1991,28
452,Bahrain,1994,32
453,Bahrain,1995,34
454,Bahrain,1996,35
455,Bahrain,1997,35
461,Bahrain,2003,61
464,Bahrain,2006,77
466,Bahrain,2008,81
468,Bahrain,2010,79
469,Bahrain,2011,76
470,Bahrain,2012,75
471,Bahrain,2013,72
472,Bahrain,2014,71
473,Bahrain,2015,73
474,Bahrain,2016,73
476,Bangladesh,1990,10313
477,Bangladesh,1991,10023
478,Bangladesh,1992,10414
480,Bangladesh,1994,10545
481,Bangladesh,1995,10812
482,Bangladesh,1996,10535
483,Bangladesh,1997,10094
484,Bangladesh,1998,9851
485,Bangladesh,1999,9520
486,Bangladesh,2000,9204
487,Bangladesh,2001,9053
488,Bangladesh,2002,8923
489,Bangladesh,2003,8759
490,Bangladesh,2004,8967
491,Bangladesh,2005,9303
492,Bangladesh,2006,9731
493,Bangladesh,2007,10107
494,Bangladesh,2008,10273
495,Bangladesh,2009,10185
496,Bangladesh,2010,10388
497,Bangladesh,2011,9958
498,Bangladesh,2012,9631
499,Bangladesh,2013,9421
500,Bangladesh,2014,9471
501,Bangladesh,2015,9300
502,Bangladesh,2016,9199
506,Barbados,1992,14
536,Belarus,1994,3383
539,Belarus,1997,3922
541,Belarus,1999,4249
543,Belarus,2001,4206
548,Belarus,2006,3986
550,Belarus,2008,3692
552,Belarus,2010,3534
553,Belarus,2011,3537
554,Belarus,2012,2945
560,Belgium,1990,2168
561,Belgium,1991,2174
562,Belgium,1992,2249
564,Belgium,1994,2359
565,Belgium,1995,2376
567,Belgium,1997,2349
568,Belgium,1998,2313
569,Belgium,1999,2305
572,Belgium,2002,2311
573,Belgium,2003,2270
577,Belgium,2007,2199
579,Belgium,2009,2267
582,Belgium,2012,2309
584,Belgium,2014,2203
586,Belgium,2016,2143
589,Belize,1991,9
590,Belize,1992,10
598,Belize,2000,17
611,Belize,2013,23
618,Benin,1992,299
620,Benin,1994,330
621,Benin,1995,348
622,Benin,1996,366
633,Benin,2007,514
688,Bhutan,2006,37
690,Bhutan,2008,39
693,Bhutan,2011,43
696,Bhutan,2014,47
700,Bolivia,1990,407
701,Bolivia,1991,422
702,Bolivia,1992,433
704,Bolivia,1994,462
705,Bolivia,1995,481
706,Bolivia,1996,491
707,Bolivia,1997,512
713,Bolivia,2003,579
715,Bolivia,2005,585
717,Bolivia,2007,603
719,Bolivia,2009,615
722,Bolivia,2012,629
777,Botswana,1990,146
782,Botswana,1995,167
805,Brazil,1990,9232
806,Brazil,1991,9213
807,Brazil,1992,9351
809,Brazil,1994,9825
810,Brazil,1995,9952
811,Brazil,1996,10065
812,Brazil,1997,10168
813,Brazil,1998,10336
814,Brazil,1999,10374
815,Brazil,2000,10567
816,Brazil,2001,10814
817,Brazil,2002,11001
818,Brazil,2003,11242
821,Brazil,2006,11607
827,Brazil,2012,12994
828,Brazil,2013,13177
829,Brazil,2014,13307
830,Brazil,2015,13474
831,Brazil,2016,13887
835,Brunei,1992,9
861,Bulgaria,1990,1576
862,Bulgaria,1991,1581
863,Bulgaria,1992,1687
865,Bulgaria,1994,1815
866,Bulgaria,1995,1819
867,Bulgaria,1996,1815
868,Bulgaria,1997,1863
869,Bulgaria,1998,1793
870,Bulgaria,1999,1662
871,Bulgaria,2000,1650
872,Bulgaria,2001,1574
873,Bulgaria,2002,1492
879,Bulgaria,2008,1130
882,Bulgaria,2011,1010
883,Bulgaria,2012,980
884,Bulgaria,2013,949
885,Bulgaria,2014,978
886,Bulgaria,2015,974
887,Bulgaria,2016,986
890,Burkina Faso,1991,717
912,Burkina Faso,2013,1300
914,Burkina Faso,2015,1409
915,Burkina Faso,2016,1465
918,Burundi,1991,606
919,Burundi,1992,587
921,Burundi,1994,632
922,Burundi,1995,633
923,Burundi,1996,627
924,Burundi,1997,620
925,Burundi,1998,614
926,Burundi,1999,596
927,Burundi,2000,582
928,Burundi,2001,561
929,Burundi,2002,551
930,Burundi,2003,550
931,Burundi,2004,558
932,Burundi,2005,568
933,Burundi,2006,565
934,Burundi,2007,569
935,Burundi,2008,580
937,Burundi,2010,601
938,Burundi,2011,614
939,Burundi,2012,632
940,Burundi,2013,645
941,Burundi,2014,654
942,Burundi,2015,663
943,Burundi,2016,675
945,Cambodia,1990,474
946,Cambodia,1991,479
947,Cambodia,1992,487
949,Cambodia,1994,507
950,Cambodia,1995,515
951,Cambodia,1996,519
952,Cambodia,1997,522
953,Cambodia,1998,528
954,Cambodia,1999,531
955,Cambodia,2000,534
956,Cambodia,2001,537
957,Cambodia,2002,541
958,Cambodia,2003,545
963,Cambodia,2008,574
968,Cambodia,2013,621
974,Cameroon,1991,805
975,Cameroon,1992,863
977,Cameroon,1994,975
978,Cameroon,1995,1038
981,Cameroon,1998,1236
990,Cameroon,2007,1677
991,Cameroon,2008,1734
992,Cameroon,2009,1796
993,Cameroon,2010,1857
994,Cameroon,2011,1903
996,Cameroon,2013,1981
997,Cameroon,2014,2027
998,Cameroon,2015,2068
999,Cameroon,2016,2125
1003,Canada,1992,4135
1005,Canada,1994,4280
1006,Canada,1995,4351
1007,Canada,1996,4374
1008,Canada,1997,4351
1009,Canada,1998,4326
1010,Canada,1999,4368
1011,Canada,2000,4241
1015,Canada,2004,4234
1017,Canada,2006,4222
1019,Canada,2008,4354
1020,Canada,2009,4387
1021,Canada,2010,4362
1023,Canada,2012,4454
1024,Canada,2013,4464
1025,Canada,2014,4632
1026,Canada,2015,4723
1027,Canada,2016,4653
1086,Central African Republic,1991,285
1087,Central African Republic,1992,294
1089,Central African Republic,1994,320
1091,Central African Republic,1996,340
1095,Central African Republic,2000,378
1096,Central African Republic,2001,385
1101,Central African Republic,2006,428
1102,Central African Republic,2007,429
1103,Central African Republic,2008,433
1104,Central African Republic,2009,445
1105,Central African Republic,2010,467
1106,Central African Republic,2011,483
1107,Central African Republic,2012,485
1108,Central African Republic,2013,491
1109,Central African Republic,2014,490
1110,Central African Republic,2015,497
1111,Central African Republic,2016,507
1140,Central Asia,1990,6879
1141,Central Asia,1991,7052
1142,Central Asia,1992,7442
1144,Central Asia,1994,8384
1145,Central Asia,1995,8956
1146,Central Asia,1996,9320
1147,Central Asia,1997,9388
1148,Central Asia,1998,9362
1149,Central Asia,1999,9455
1150,Central Asia,2000,10126
1151,Central Asia,2001,10534
1152,Central Asia,2002,10735
1153,Central Asia,2003,11111
1154,Central Asia,2004,11609
1155,Central Asia,2005,11996
1156,Central Asia,2006,12033
1157,Central Asia,2007,11763
1158,Central Asia,2008,11282
1159,Central Asia,2009,10753
1160,Central Asia,2010,10739
1161,Central Asia,2011,10758
1162,Central Asia,2012,10771
1163,Central Asia,2013,10647
1164,Central Asia,2014,10455
1165,Central Asia,2015,10244
1166,Central Asia,2016,10308
1281,Chad,1991,294
1282,Chad,1992,309
1284,Chad,1994,337
1285,Chad,1995,348
1286,Chad,1996,384
1287,Chad,1997,413
1288,Chad,1998,441
1289,Chad,1999,470
1292,Chad,2002,525
1296,Chad,2006,572
1297,Chad,2007,594
1298,Chad,2008,612
1299,Chad,2009,630
1300,Chad,2010,660
1304,Chad,2014,722
1305,Chad,2015,742
1306,Chad,2016,766
1308,Chile,1990,2927
1309,Chile,1991,2693
1310,Chile,1992,2538
1312,Chile,1994,2546
1313,Chile,1995,2534
1314,Chile,1996,2444
1315,Chile,1997,2299
1316,Chile,1998,2218
1317,Chile,1999,2112
1318,Chile,2000,1971
1319,Chile,2001,1975
1320,Chile,2002,1887
1321,Chile,2003,1904
1324,Chile,2006,1933
1325,Chile,2007,1996
1326,Chile,2008,2046
1327,Chile,2009,2150
1328,Chile,2010,2099
1329,Chile,2011,2038
1330,Chile,2012,1982
1331,Chile,2013,1979
1332,Chile,2014,1979
1333,Chile,2015,2004
1334,Chile,2016,2037
1336,China,1990,229221
1337,China,1991,236666
1338,China,1992,245535
1340,China,1994,249960
1341,China,1995,249631
1342,China,1996,241709
1343,China,1997,231065
1344,China,1998,219289
1345,China,1999,204631
1346,China,2000,186608
1347,China,2001,162213
1348,China,2002,149701
1349,China,2003,151556
1350,China,2004,156793
1351,China,2005,152878
1354,China,2008,137690
1355,China,2009,136608
1356,China,2010,135228
1357,China,2011,130626
1358,China,2012,127313
1359,China,2013,124914
1360,China,2014,126506
1361,China,2015,127743
1362,China,2016,127722
1364,Colombia,1990,1533
1365,Colombia,1991,1625
1366,Colombia,1992,1640
1368,Colombia,1994,1780
1369,Colombia,1995,1986
1370,Colombia,1996,2159
1371,Colombia,1997,2167
1372,Colombia,1998,2257
1373,Colombia,1999,2383
1374,Colombia,2000,2474
1375,Colombia,2001,2542
1376,Colombia,2002,2933
1377,Colombia,2003,2766
1378,Colombia,2004,2795
1379,Colombia,2005,2634
1380,Colombia,2006,2718
1381,Colombia,2007,2630
1382,Colombia,2008,2700
1383,Colombia,2009,2838
1384,Colombia,2010,2795
1385,Colombia,2011,2670
1386,Colombia,2012,2661
1387,Colombia,2013,2623
1388,Colombia,2014,2738
1389,Colombia,2015,2797
1390,Colombia,2016,2876
1394,Comoros,1992,30
1396,Comoros,1994,31
1399,Comoros,1997,33
1420,Congo,1990,248
1424,Congo,1994,291
1426,Congo,1996,320
1427,Congo,1997,340
1429,Congo,1999,340
1431,Congo,2001,321
1432,Congo,2002,315
1433,Congo,2003,329
1443,Congo,2013,407
1446,Congo,2016,444
1448,Costa Rica,1990,169
1449,Costa Rica,1991,170
1450,Costa Rica,1992,184
1452,Costa Rica,1994,206
1454,Costa Rica,1996,228
1455,Costa Rica,1997,239
1459,Costa Rica,2001,278
1478,Cote d'Ivoire,1992,916
1480,Cote d'Ivoire,1994,1069
1481,Cote d'Ivoire,1995,1144
1482,Cote d'Ivoire,1996,1205
1483,Cote d'Ivoire,1997,1256
1486,Cote d'Ivoire,2000,1400
1487,Cote d'Ivoire,2001,1427
1488,Cote d'Ivoire,2002,1455
1490,Cote d'Ivoire,2004,1534
1491,Cote d'Ivoire,2005,1569
1492,Cote d'Ivoire,2006,1604
1493,Cote d'Ivoire,2007,1623
1496,Cote d'Ivoire,2010,1680
1497,Cote d'Ivoire,2011,1717
1498,Cote d'Ivoire,2012,1763
1499,Cote d'Ivoire,2013,1803
1500,Cote d'Ivoire,2014,1843
1501,Cote d'Ivoire,2015,1872
1502,Cote d'Ivoire,2016,1894
1505,Croatia,1991,1181
1506,Croatia,1992,1198
1508,Croatia,1994,1154
1509,Croatia,1995,1121
1510,Croatia,1996,1126
1511,Croatia,1997,1121
1514,Croatia,2000,979
1515,Croatia,2001,953
1519,Croatia,2005,897
1522,Croatia,2008,877
1523,Croatia,2009,828
1527,Croatia,2013,736
1533,Cuba,1991,2283
1534,Cuba,1992,2329
1536,Cuba,1994,2366
1538,Cuba,1996,2213
1539,Cuba,1997,2173
1549,Cuba,2007,1563
1560,Cyprus,1990,37
1561,Cyprus,1991,38
1562,Cyprus,1992,38
1564,Cyprus,1994,41
1565,Cyprus,1995,42
1566,Cyprus,1996,44
1568,Cyprus,1998,46
1569,Cyprus,1999,47
1570,Cyprus,2000,49
1571,Cyprus,2001,50
1574,Cyprus,2004,53
1577,Cyprus,2007,59
1582,Cyprus,2012,65
1583,Cyprus,2013,67
1584,Cyprus,2014,68
1585,Cyprus,2015,69
1586,Cyprus,2016,70
1592,Czech Republic,1994,2014
1593,Czech Republic,1995,1959
1594,Czech Republic,1996,1851
1595,Czech Republic,1997,1853
1599,Czech Republic,2001,1762
1601,Czech Republic,2003,1811
1606,Czech Republic,2008,1688
1607,Czech Republic,2009,1687
1609,Czech Republic,2011,1711
1611,Czech Republic,2013,1661
1612,Czech Republic,2014,1589
1613,Czech Republic,2015,1564
1614,Czech Republic,2016,1529
1626,Democratic Republic of Congo,1997,3121
1627,Democratic Republic of Congo,1998,3226
1628,Democratic Republic of Congo,1999,3311
1629,Democratic Republic of Congo,2000,3401
1630,Democratic Republic of Congo,2001,3460
1631,Democratic Republic of Congo,2002,3495
1632,Democratic Republic of Congo,2003,3632
1633,Democratic Republic of Congo,2004,3648
1634,Democratic Republic of Congo,2005,3692
1635,Democratic Republic of Congo,2006,3783
1636,Democratic Republic of Congo,2007,3872
1637,Democratic Republic of Congo,2008,4017
1638,Democratic Republic of Congo,2009,4141
1639,Democratic Republic of Congo,2010,4299
1640,Democratic Republic of Congo,2011,4475
1641,Democratic Republic of Congo,2012,4636
1642,Democratic Republic of Congo,2013,4765
1643,Democratic Republic of Congo,2014,4918
1644,Democratic Republic of Congo,2015,5082
1645,Democratic Republic of Congo,2016,5242
1648,Denmark,1991,1467
1649,Denmark,1992,1423
1652,Denmark,1995,1233
1656,Denmark,1999,989
1665,Denmark,2008,741
1667,Denmark,2010,721
1670,Denmark,2013,681
1672,Denmark,2015,661
1673,Denmark,2016,680
1675,Djibouti,1990,23
1676,Djibouti,1991,24
1677,Djibouti,1992,24
1679,Djibouti,1994,27
1680,Djibouti,1995,29
1682,Djibouti,1997,32
1689,Djibouti,2004,40
1699,Djibouti,2014,55
1700,Djibouti,2015,57
1710,Dominica,1997,3
1731,Dominican Republic,1990,291
1732,Dominican Republic,1991,303
1733,Dominican Republic,1992,318
1735,Dominican Republic,1994,372
1737,Dominican Republic,1996,439
1738,Dominican Republic,1997,473
1754,Dominican Republic,2013,791
1755,Dominican Republic,2014,841
1759,East Asia,1990,237543
1760,East Asia,1991,245110
1761,East Asia,1992,254164
1763,East Asia,1994,258964
1764,East Asia,1995,258869
1765,East Asia,1996,251110
1766,East Asia,1997,240582
1767,East Asia,1998,228815
1768,East Asia,1999,214124
1769,East Asia,2000,196123
1770,East Asia,2001,171655
1771,East Asia,2002,159175
1772,East Asia,2003,161359
1773,East Asia,2004,167053
1774,East Asia,2005,163494
1775,East Asia,2006,156204
1776,East Asia,2007,150908
1777,East Asia,2008,147951
1778,East Asia,2009,146711
1779,East Asia,2010,145199
1780,East Asia,2011,140592
1781,East Asia,2012,137125
1782,East Asia,2013,134519
1783,East Asia,2014,136196
1784,East Asia,2015,137384
1785,East Asia,2016,137494
1793,Eastern Europe,1990,65080
1794,Eastern Europe,1991,68905
1795,Eastern Europe,1992,79071
1797,Eastern Europe,1994,110522
1798,Eastern Europe,1995,109493
1799,Eastern Europe,1996,101919
1800,Eastern Europe,1997,94406
1801,Eastern Europe,1998,92043
1802,Eastern Europe,1999,99072
1803,Eastern Europe,2000,102299
1804,Eastern Europe,2001,100699
1805,Eastern Europe,2002,99982
1806,Eastern Europe,2003,98915
1807,Eastern Europe,2004,96946
1808,Eastern Europe,2005,99196
1809,Eastern Europe,2006,89561
1810,Eastern Europe,2007,84610
1811,Eastern Europe,2008,82769
1812,Eastern Europe,2009,75490
1813,Eastern Europe,2010,73784
1814,Eastern Europe,2011,68636
1815,Eastern Europe,2012,66441
1816,Eastern Europe,2013,65288
1817,Eastern Europe,2014,65317
1818,Eastern Europe,2015,66900
1819,Eastern Europe,2016,64189
1849,Ecuador,1990,502
1850,Ecuador,1991,564
1851,Ecuador,1992,599
1853,Ecuador,1994,666
1854,Ecuador,1995,699
1855,Ecuador,1996,776
1856,Ecuador,1997,780
1857,Ecuador,1998,835
1858,Ecuador,1999,883
1859,Ecuador,2000,899
1860,Ecuador,2001,914
1861,Ecuador,2002,1008
1862,Ecuador,2003,1091
1863,Ecuador,2004,1168
1867,Ecuador,2008,1474
1868,Ecuador,2009,1531
1870,Ecuador,2011,1587
1871,Ecuador,2012,1578
1872,Ecuador,2013,1533
1874,Ecuador,2015,1539
1875,Ecuador,2016,1541
1877,Egypt,1990,2319
1878,Egypt,1991,2310
1879,Egypt,1992,2292
1881,Egypt,1994,2548
1882,Egypt,1995,2564
1883,Egypt,1996,2687
1884,Egypt,1997,2811
1885,Egypt,1998,2830
1886,Egypt,1999,2891
1891,Egypt,2004,3705
1892,Egypt,2005,3795
1893,Egypt,2006,3909
1895,Egypt,2008,3971
1896,Egypt,2009,4115
1897,Egypt,2010,4203
1898,Egypt,2011,4241
1899,Egypt,2012,4317
1900,Egypt,2013,4251
1901,Egypt,2014,4307
1902,Egypt,2015,4491
1903,Egypt,2016,4637
1905,El Salvador,1990,595
1906,El Salvador,1991,582
1907,El Salvador,1992,578
1909,El Salvador,1994,623
1910,El Salvador,1995,602
1911,El Salvador,1996,599
1912,El Salvador,1997,600
1963,Equatorial Guinea,1992,47
1980,Equatorial Guinea,2009,46
1994,Eritrea,1995,376
1995,Eritrea,1996,389
2006,Eritrea,2007,497
2007,Eritrea,2008,508
2008,Eritrea,2009,516
2009,Eritrea,2010,524
2010,Eritrea,2011,528
2019,Estonia,1992,525
2021,Estonia,1994,674
2022,Estonia,1995,643
2023,Estonia,1996,549
2026,Estonia,1999,500
2028,Estonia,2001,481
2038,Estonia,2011,260
2042,Estonia,2015,224
2045,Ethiopia,1990,5186
2046,Ethiopia,1991,5368
2047,Ethiopia,1992,5513
2049,Ethiopia,1994,5737
2050,Ethiopia,1995,5793
2051,Ethiopia,1996,5725
2052,Ethiopia,1997,5684
2054,Ethiopia,1999,5348
2055,Ethiopia,2000,5152
2057,Ethiopia,2002,4874
2058,Ethiopia,2003,4797
2059,Ethiopia,2004,4751
2060,Ethiopia,2005,4691
2061,Ethiopia,2006,4707
2062,Ethiopia,2007,4718
2063,Ethiopia,2008,4775
2064,Ethiopia,2009,4851
2065,Ethiopia,2010,4888
2066,Ethiopia,2011,4893
2067,Ethiopia,2012,4872
2068,Ethiopia,2013,4816
2069,Ethiopia,2014,4870
2070,Ethiopia,2015,4915
2071,Ethiopia,2016,4989
2074,Fiji,1991,68
2075,Fiji,1992,69
2082,Fiji,1999,81
2083,Fiji,2000,84
2084,Fiji,2001,83
2103,Finland,1992,1501
2105,Finland,1994,1405
2106,Finland,1995,1421
2118,Finland,2007,1098
2119,Finland,2008,1087
2126,Finland,2015,839
2127,Finland,2016,851
2129,France,1990,14891
2130,France,1991,14817
2131,France,1992,14751
2133,France,1994,14480
2134,France,1995,14249
2135,France,1996,14127
2136,France,1997,13911
2137,France,1998,13877
2138,France,1999,13562
2139,France,2000,13168
2140,France,2001,13129
2141,France,2002,13082
2142,France,2003,12983
2143,France,2004,12395
2144,France,2005,12444
2145,France,2006,12359
2146,France,2007,12267
2147,France,2008,12389
2148,France,2009,12673
2149,France,2010,12686
2150,France,2011,12510
2151,France,2012,12133
2152,France,2013,11833
2153,France,2014,11419
2154,France,2015,11362
2155,France,2016,11078
2164,Gabon,1994,97
2166,Gabon,1996,107
2167,Gabon,1997,109
2192,Gambia,1994,51
2193,Gambia,1995,54
2198,Gambia,2000,68
2217,Georgia,1991,286
2218,Georgia,1992,293
2220,Georgia,1994,282
2221,Georgia,1995,283
2222,Georgia,1996,287
2223,Georgia,1997,292
2224,Georgia,1998,308
2225,Georgia,1999,307
2226,Georgia,2000,289
2227,Georgia,2001,280
2228,Georgia,2002,278
2229,Georgia,2003,261
2230,Georgia,2004,260
2231,Georgia,2005,234
2232,Georgia,2006,227
2234,Georgia,2008,266
2235,Georgia,2009,290
2236,Georgia,2010,297
2237,Georgia,2011,301
2238,Georgia,2012,308
2239,Georgia,2013,321
2240,Georgia,2014,343
2241,Georgia,2015,353
2242,Georgia,2016,348
2244,Germany,1990,14215
2245,Germany,1991,14480
2246,Germany,1992,14268
2248,Germany,1994,14257
2249,Germany,1995,14457
2250,Germany,1996,14372
2251,Germany,1997,14129
2252,Germany,1998,13608
2253,Germany,1999,13369
2254,Germany,2000,13285
2255,Germany,2001,13051
2256,Germany,2002,13018
2257,Germany,2003,12974
2258,Germany,2004,12440
2259,Germany,2005,12159
2260,Germany,2006,11826
2261,Germany,2007,11664
2262,Germany,2008,11651
2263,Germany,2009,11740
2264,Germany,2010,11743
2265,Germany,2011,11629
2266,Germany,2012,11464
2268,Germany,2014,11432
2269,Germany,2015,11835
2270,Germany,2016,12222
2274,Ghana,1992,747
2276,Ghana,1994,797
2277,Ghana,1995,832
2278,Ghana,1996,856
2279,Ghana,1997,898
2296,Ghana,2014,1754
2298,Ghana,2016,1877
2300,Greece,1990,440
2301,Greece,1991,449
2302,Greece,1992,451
2304,Greece,1994,440
2305,Greece,1995,436
2306,Greece,1996,434
2307,Greece,1997,425
2308,Greece,1998,426
2309,Greece,1999,428
2310,Greece,2000,423
2311,Greece,2001,416
2312,Greece,2002,409
2313,Greece,2003,423
2314,Greece,2004,433
2315,Greece,2005,442
2316,Greece,2006,439
2317,Greece,2007,457
2318,Greece,2008,464
2319,Greece,2009,481
2320,Greece,2010,486
2321,Greece,2011,512
2322,Greece,2012,533
2323,Greece,2013,526
2324,Greece,2014,534
2325,Greece,2015,541
2326,Greece,2016,524
2413,Guatemala,1990,634
2414,Guatemala,1991,727
2415,Guatemala,1992,792
2417,Guatemala,1994,913
2418,Guatemala,1995,850
2419,Guatemala,1996,814
2420,Guatemala,1997,911
2422,Guatemala,1999,995
2423,Guatemala,2000,1183
2424,Guatemala,2001,1231
2426,Guatemala,2003,1239
2427,Guatemala,2004,1228
2429,Guatemala,2006,1207
2435,Guatemala,2012,787
2436,Guatemala,2013,775
2443,Guinea,1992,349
2445,Guinea,1994,386
2447,Guinea,1996,419
2451,Guinea,2000,487
2456,Guinea,2005,545
2464,Guinea,2013,696
2466,Guinea,2015,729
2467,Guinea,2016,736
2480,Guinea-Bissau,2001,98
2482,Guinea-Bissau,2003,102
2484,Guinea-Bissau,2005,106
2485,Guinea-Bissau,2006,109
2488,Guinea-Bissau,2009,118
2491,Guinea-Bissau,2012,126
2497,Guyana,1990,139
2499,Guyana,1992,137
2504,Guyana,1997,162
2505,Guyana,1998,179
2508,Guyana,2001,170
2509,Guyana,2002,178
2510,Guyana,2003,186
2513,Guyana,2006,191
2515,Guyana,2008,182
2523,Guyana,2016,192
2525,Haiti,1990,533
2526,Haiti,1991,539
2527,Haiti,1992,545
2529,Haiti,1994,562
2530,Haiti,1995,570
2531,Haiti,1996,569
2532,Haiti,1997,573
2533,Haiti,1998,578
2534,Haiti,1999,586
2535,Haiti,2000,591
2536,Haiti,2001,599
2537,Haiti,2002,609
2538,Haiti,2003,625
2539,Haiti,2004,637
2540,Haiti,2005,655
2541,Haiti,2006,674
2542,Haiti,2007,692
2551,Haiti,2016,820
2665,Honduras,1990,211
2666,Honduras,1991,212
2667,Honduras,1992,213
2669,Honduras,1994,213
2670,Honduras,1995,215
2671,Honduras,1996,219
2672,Honduras,1997,225
2677,Honduras,2002,257
2679,Honduras,2004,272
2684,Honduras,2009,287
2686,Honduras,2011,298
2688,Honduras,2013,313
2689,Honduras,2014,326
2691,Honduras,2016,344
2704,Hungary,1991,4117
2705,Hungary,1992,4184
2707,Hungary,1994,3884
2709,Hungary,1996,3426
2710,Hungary,1997,3326
2711,Hungary,1998,3378
2714,Hungary,2001,2925
2721,Hungary,2008,2558
2722,Hungary,2009,2552
2727,Hungary,2014,2164
2728,Hungary,2015,2270
2729,Hungary,2016,2073
2753,Iceland,2012,37
2755,Iceland,2014,39
2759,India,1990,160025
2760,India,1991,164277
2761,India,1992,168397
2763,India,1994,166831
2764,India,1995,167573
2765,India,1996,167469
2766,India,1997,176205
2767,India,1998,181417
2768,India,1999,189293
2769,India,2000,192671
2770,India,2001,190773
2771,India,2002,187276
2772,India,2003,182784
2773,India,2004,181572
2774,India,2005,188140
2775,India,2006,189844
2776,India,2007,190579
2777,India,2008,195381
2778,India,2009,202010
2779,India,2010,208778
2780,India,2011,215058
2781,India,2012,212940
2782,India,2013,209840
2783,India,2014,209484
2784,India,2015,204488
2785,India,2016,208781
2787,Indonesia,1990,6413
2788,Indonesia,1991,6539
2789,Indonesia,1992,6669
2791,Indonesia,1994,6890
2792,Indonesia,1995,6970
2793,Indonesia,1996,7029
2794,Indonesia,1997,7118
2795,Indonesia,1998,7257
2796,Indonesia,1999,7348
2797,Indonesia,2000,7388
2798,Indonesia,2001,7422
2799,Indonesia,2002,7543
2800,Indonesia,2003,7625
2801,Indonesia,2004,7724
2802,Indonesia,2005,7772
2803,Indonesia,2006,7827
2804,Indonesia,2007,7855
2805,Indonesia,2008,7912
2806,Indonesia,2009,7939
2807,Indonesia,2010,7939
2808,Indonesia,2011,7987
2809,Indonesia,2012,7892
2810,Indonesia,2013,7843
2811,Indonesia,2014,7789
2812,Indonesia,2015,7796
2813,Indonesia,2016,7865
2816,Iran,1990,3557
2817,Iran,1991,3687
2818,Iran,1992,3653
2820,Iran,1994,3766
2821,Iran,1995,3857
2822,Iran,1996,3907
2824,Iran,1998,4051
2825,Iran,1999,4184
2826,Iran,2000,4338
2827,Iran,2001,4510
2829,Iran,2003,4737
2831,Iran,2005,4822
2832,Iran,2006,4855
2833,Iran,2007,4995
2834,Iran,2008,5108
2835,Iran,2009,5179
2836,Iran,2010,5252
2837,Iran,2011,5259
2838,Iran,2012,5218
2839,Iran,2013,5122
2840,Iran,2014,4976
2841,Iran,2015,4907
2842,Iran,2016,4841
2845,Iraq,1991,1107
2846,Iraq,1992,1264
2848,Iraq,1994,1482
2849,Iraq,1995,1586
2850,Iraq,1996,1680
2851,Iraq,1997,1787
2852,Iraq,1998,1768
2853,Iraq,1999,1813
2854,Iraq,2000,1935
2855,Iraq,2001,1898
2856,Iraq,2002,1997
2857,Iraq,2003,1946
2858,Iraq,2004,1911
2859,Iraq,2005,1840
2860,Iraq,2006,1729
2861,Iraq,2007,1676
2862,Iraq,2008,1638
2863,Iraq,2009,1629
2864,Iraq,2010,1624
2865,Iraq,2011,1608
2866,Iraq,2012,1605
2867,Iraq,2013,1632
2868,Iraq,2014,1588
2869,Iraq,2015,1508
2870,Iraq,2016,1483
2872,Ireland,1990,371
2873,Ireland,1991,386
2874,Ireland,1992,393
2876,Ireland,1994,411
2877,Ireland,1995,441
2878,Ireland,1996,462
2879,Ireland,1997,493
2880,Ireland,1998,510
2881,Ireland,1999,517
2883,Ireland,2001,532
2885,Ireland,2003,506
2888,Ireland,2006,524
2889,Ireland,2007,533
2890,Ireland,2008,552
2892,Ireland,2010,540
2893,Ireland,2011,553
2894,Ireland,2012,540
2895,Ireland,2013,515
2896,Ireland,2014,497
2897,Ireland,2015,469
2898,Ireland,2016,452
2900,Israel,1990,369
2901,Israel,1991,413
2902,Israel,1992,450
2904,Israel,1994,479
2905,Israel,1995,515
2906,Israel,1996,538
2907,Israel,1997,573
2908,Israel,1998,570
2909,Israel,1999,553
2910,Israel,2000,572
2911,Israel,2001,576
2912,Israel,2002,565
2913,Israel,2003,551
2914,Israel,2004,541
2915,Israel,2005,555
2916,Israel,2006,542
2917,Israel,2007,542
2918,Israel,2008,539
2919,Israel,2009,540
2920,Israel,2010,547
2921,Israel,2011,541
2922,Israel,2012,536
2923,Israel,2013,533
2924,Israel,2014,528
2925,Israel,2015,537
2926,Israel,2016,535
2928,Italy,1990,5314
2929,Italy,1991,5466
2930,Italy,1992,5407
2932,Italy,1994,5322
2933,Italy,1995,5315
2934,Italy,1996,5242
2935,Italy,1997,5227
2936,Italy,1998,5211
2937,Italy,1999,4998
2938,Italy,2000,4888
2939,Italy,2001,4803
2940,Italy,2002,4706
2941,Italy,2003,4698
2942,Italy,2004,4485
2943,Italy,2005,4440
2944,Italy,2006,4436
2946,Italy,2008,4535
2947,Italy,2009,4595
2948,Italy,2010,4581
2949,Italy,2011,4696
2950,Italy,2012,4750
2951,Italy,2013,4724
2952,Italy,2014,4604
2953,Italy,2015,4622
2954,Italy,2016,4398
2957,Jamaica,1991,31
2958,Jamaica,1992,34
2960,Jamaica,1994,42
2961,Jamaica,1995,46
2962,Jamaica,1996,51
2963,Jamaica,1997,55
2973,Jamaica,2007,72
2980,Jamaica,2014,107
2984,Japan,1990,24010
2985,Japan,1991,23993
2986,Japan,1992,24291
2988,Japan,1994,24452
2989,Japan,1995,25433
2990,Japan,1996,25788
2991,Japan,1997,26926
2992,Japan,1998,30065
2993,Japan,1999,31617
2994,Japan,2000,31656
2995,Japan,2001,32076
2996,Japan,2002,32390
2997,Japan,2003,33479
3002,Japan,2008,33041
3003,Japan,2009,32816
3007,Japan,2013,30197
3008,Japan,2014,29560
3009,Japan,2015,28649
3010,Japan,2016,28717
3012,Jordan,1990,167
3013,Jordan,1991,170
3014,Jordan,1992,174
3016,Jordan,1994,189
3017,Jordan,1995,194
3018,Jordan,1996,198
3019,Jordan,1997,198
3020,Jordan,1998,198
3021,Jordan,1999,199
3022,Jordan,2000,198
3023,Jordan,2001,197
3024,Jordan,2002,195
3027,Jordan,2005,200
3028,Jordan,2006,208
3032,Jordan,2010,217
3034,Jordan,2012,237
3035,Jordan,2013,252
3036,Jordan,2014,264
3037,Jordan,2015,277
3038,Jordan,2016,291
3042,Kazakhstan,1992,3721
3044,Kazakhstan,1994,4310
3047,Kazakhstan,1997,4872
3050,Kazakhstan,2000,5158
3051,Kazakhstan,2001,5432
3058,Kazakhstan,2008,5514
3061,Kazakhstan,2011,4934
3062,Kazakhstan,2012,4789
3063,Kazakhstan,2013,4572
3066,Kazakhstan,2016,4161
3069,Kenya,1991,1272
3070,Kenya,1992,1339
3072,Kenya,1994,1479
3073,Kenya,1995,1557
3074,Kenya,1996,1645
3075,Kenya,1997,1739
3076,Kenya,1998,1845
3078,Kenya,2000,2029
3079,Kenya,2001,2079
3080,Kenya,2002,2168
3081,Kenya,2003,2278
3083,Kenya,2005,2408
3084,Kenya,2006,2460
3085,Kenya,2007,2513
3086,Kenya,2008,2554
3087,Kenya,2009,2614
3088,Kenya,2010,2696
3089,Kenya,2011,2759
3090,Kenya,2012,2803
3091,Kenya,2013,2823
3092,Kenya,2014,2857
3093,Kenya,2015,2915
3094,Kenya,2016,2988
3144,Kuwait,1991,47
3145,Kuwait,1992,44
3147,Kuwait,1994,48
3150,Kuwait,1997,64
3154,Kuwait,2001,71
3155,Kuwait,2002,73
3156,Kuwait,2003,72
3158,Kuwait,2005,81
3164,Kuwait,2011,101
3168,Kuwait,2015,119
3169,Kuwait,2016,124
3177,Kyrgyzstan,1996,704
3180,Kyrgyzstan,1999,733
3181,Kyrgyzstan,2000,744
3182,Kyrgyzstan,2001,754
3183,Kyrgyzstan,2002,771
3184,Kyrgyzstan,2003,776
3186,Kyrgyzstan,2005,787
3187,Kyrgyzstan,2006,782
3188,Kyrgyzstan,2007,761
3191,Kyrgyzstan,2010,678
3192,Kyrgyzstan,2011,679
3195,Kyrgyzstan,2014,649
3196,Kyrgyzstan,2015,621
3197,Kyrgyzstan,2016,594
3199,Laos,1990,587
3201,Laos,1992,612
3203,Laos,1994,630
3205,Laos,1996,637
3209,Laos,2000,608
3210,Laos,2001,598
3212,Laos,2003,569
3221,Laos,2012,533
3224,Laos,2015,538
3225,Laos,2016,540
3257,Latvia,1992,950
3259,Latvia,1994,1261
3260,Latvia,1995,1174
3262,Latvia,1997,926
3263,Latvia,1998,945
3264,Latvia,1999,870
3265,Latvia,2000,824
3272,Latvia,2007,649
3283,Lebanon,1990,179
3284,Lebanon,1991,185
3285,Lebanon,1992,192
3287,Lebanon,1994,206
3288,Lebanon,1995,213
3289,Lebanon,1996,219
3290,Lebanon,1997,224
3291,Lebanon,1998,229
3292,Lebanon,1999,232
3293,Lebanon,2000,236
3294,Lebanon,2001,239
3295,Lebanon,2002,242
3296,Lebanon,2003,247
3297,Lebanon,2004,253
3298,Lebanon,2005,260
3299,Lebanon,2006,267
3300,Lebanon,2007,275
3301,Lebanon,2008,282
3302,Lebanon,2009,289
3303,Lebanon,2010,295
3304,Lebanon,2011,308
3305,Lebanon,2012,338
3306,Lebanon,2013,377
3307,Lebanon,2014,392
3308,Lebanon,2015,394
3309,Lebanon,2016,399
3315,Lesotho,1994,307
3327,Lesotho,2006,521
3330,Lesotho,2009,531
3336,Lesotho,2015,543
3339,Liberia,1990,141
3340,Liberia,1991,149
3341,Liberia,1992,156
3343,Liberia,1994,163
3345,Liberia,1996,182
3348,Liberia,1999,199
3349,Liberia,2000,202
3350,Liberia,2001,205
3351,Liberia,2002,210
3352,Liberia,2003,213
3357,Liberia,2008,258
3361,Liberia,2012,306
3363,Liberia,2014,317
3369,Libya,1992,226
3372,Libya,1995,250
3373,Libya,1996,255
3384,Libya,2007,370
3385,Libya,2008,418
3388,Libya,2011,547
3389,Libya,2012,568
3390,Libya,2013,558
3391,Libya,2014,569
3392,Libya,2015,584
3393,Libya,2016,569
3396,Lithuania,1991,1289
3397,Lithuania,1992,1376
3400,Lithuania,1995,1870
3401,Lithuania,1996,1786
3402,Lithuania,1997,1698
3483,Luxembourg,1994,78
3515,Macedonia,1994,170
3516,Macedonia,1995,170
3518,Macedonia,1997,174
3519,Macedonia,1998,183
3520,Macedonia,1999,181
3521,Macedonia,2000,173
3522,Macedonia,2001,179
3523,Macedonia,2002,187
3524,Macedonia,2003,185
3527,Macedonia,2006,184
3528,Macedonia,2007,186
3529,Macedonia,2008,179
3530,Macedonia,2009,181
3533,Macedonia,2012,177
3535,Macedonia,2014,176
3536,Macedonia,2015,186
3540,Madagascar,1991,1046
3541,Madagascar,1992,1059
3544,Madagascar,1995,1104
3545,Madagascar,1996,1128
3546,Madagascar,1997,1139
3551,Madagascar,2002,1126
3555,Madagascar,2006,1169
3558,Madagascar,2009,1270
3560,Madagascar,2011,1354
3561,Madagascar,2012,1385
3562,Madagascar,2013,1419
3563,Madagascar,2014,1460
3565,Madagascar,2016,1548
3569,Malawi,1992,713
3579,Malawi,2002,898
3595,Malaysia,1990,1244
3596,Malaysia,1991,1259
3597,Malaysia,1992,1280
3605,Malaysia,2000,1647
3606,Malaysia,2001,1625
3613,Malaysia,2008,1777
3614,Malaysia,2009,1847
3617,Malaysia,2012,1843
3618,Malaysia,2013,1895
3619,Malaysia,2014,2024
3620,Malaysia,2015,2120
3621,Malaysia,2016,2192
3639,Maldives,2006,11
3640,Maldives,2007,11
3641,Maldives,2008,11
3645,Maldives,2012,12
3646,Maldives,2013,12
3647,Maldives,2014,13
3648,Maldives,2015,14
3649,Maldives,2016,14
3651,Mali,1990,389
3652,Mali,1991,389
3653,Mali,1992,394
3655,Mali,1994,402
3656,Mali,1995,413
3658,Mali,1997,421
3666,Mali,2005,474
3668,Mali,2007,507
3669,Mali,2008,523
3670,Mali,2009,544
3671,Mali,2010,565
3672,Mali,2011,579
3673,Mali,2012,593
3674,Mali,2013,613
3675,Mali,2014,637
3676,Mali,2015,666
3677,Mali,2016,701
3681,Malta,1992,21
3684,Malta,1995,22
3686,Malta,1997,22
3703,Malta,2014,25
3704,Malta,2015,25
3743,Mauritania,1996,110
3751,Mauritania,2004,117
3752,Mauritania,2005,118
3755,Mauritania,2008,124
3756,Mauritania,2009,128
3757,Mauritania,2010,131
3758,Mauritania,2011,134
3793,Mexico,1990,2851
3794,Mexico,1991,3009
3795,Mexico,1992,3221
3797,Mexico,1994,3655
3798,Mexico,1995,3872
3799,Mexico,1996,4022
3800,Mexico,1997,4290
3801,Mexico,1998,4537
3802,Mexico,1999,4574
3803,Mexico,2000,4565
3804,Mexico,2001,4665
3806,Mexico,2003,5064
3807,Mexico,2004,5098
3808,Mexico,2005,5359
3809,Mexico,2006,5460
3810,Mexico,2007,5640
3811,Mexico,2008,6238
3812,Mexico,2009,6744
3813,Mexico,2010,7001
3814,Mexico,2011,7157
3815,Mexico,2012,7119
3816,Mexico,2013,6933
3817,Mexico,2014,7052
3818,Mexico,2015,7180
3819,Mexico,2016,7475
3905,Moldova,1991,827
3906,Moldova,1992,795
3908,Moldova,1994,930
3910,Moldova,1996,910
3911,Moldova,1997,814
3914,Moldova,2000,800
3920,Moldova,2006,872
3923,Moldova,2009,842
3926,Moldova,2012,699
3930,Moldova,2016,669
3971,Montenegro,2001,82
3977,Montenegro,2007,86
3983,Montenegro,2013,79
3985,Montenegro,2015,78
3989,Morocco,1991,1794
3990,Morocco,1992,1848
3992,Morocco,1994,1965
3993,Morocco,1995,2023
3994,Morocco,1996,2114
4001,Morocco,2003,2532
4005,Morocco,2007,2594
4009,Morocco,2011,2654
4013,Morocco,2015,2585
4016,Mozambique,1990,1266
4017,Mozambique,1991,1286
4018,Mozambique,1992,1317
4020,Mozambique,1994,1363
4021,Mozambique,1995,1382
4025,Mozambique,1999,1464
4026,Mozambique,2000,1487
4033,Mozambique,2007,1911
4038,Mozambique,2012,2341
4039,Mozambique,2013,2417
4040,Mozambique,2014,2495
4041,Mozambique,2015,2580
4042,Mozambique,2016,2657
4044,Myanmar,1990,2718
4045,Myanmar,1991,2769
4046,Myanmar,1992,2807
4048,Myanmar,1994,2863
4049,Myanmar,1995,2890
4050,Myanmar,1996,2912
4051,Myanmar,1997,2935
4053,Myanmar,1999,2956
4055,Myanmar,2001,2975
4056,Myanmar,2002,2978
4057,Myanmar,2003,2979
4058,Myanmar,2004,2988
4059,Myanmar,2005,2958
4060,Myanmar,2006,2931
4061,Myanmar,2007,2890
4062,Myanmar,2008,2843
4063,Myanmar,2009,2813
4064,Myanmar,2010,2765
4065,Myanmar,2011,2747
4066,Myanmar,2012,2715
4067,Myanmar,2013,2700
4068,Myanmar,2014,2678
4069,Myanmar,2015,2676
4070,Myanmar,2016,2678
4072,Namibia,1990,177
4073,Namibia,1991,183
4076,Namibia,1994,210
4081,Namibia,1999,278
4082,Namibia,2000,289
4083,Namibia,2001,291
4101,Nepal,1991,1908
4102,Nepal,1992,1892
4104,Nepal,1994,1890
4106,Nepal,1996,1860
4107,Nepal,1997,1868
4109,Nepal,1999,1869
4110,Nepal,2000,1856
4111,Nepal,2001,1826
4112,Nepal,2002,1814
4113,Nepal,2003,1815
4114,Nepal,2004,1827
4115,Nepal,2005,1858
4116,Nepal,2006,1902
4117,Nepal,2007,1960
4118,Nepal,2008,2011
4119,Nepal,2009,2066
4120,Nepal,2010,2117
4121,Nepal,2011,2157
4122,Nepal,2012,2199
4123,Nepal,2013,2236
4124,Nepal,2014,2266
4125,Nepal,2015,2303
4126,Nepal,2016,2319
4128,Netherlands,1990,1947
4129,Netherlands,1991,1960
4130,Netherlands,1992,1941
4132,Netherlands,1994,1930
4133,Netherlands,1995,1903
4134,Netherlands,1996,1904
4135,Netherlands,1997,1858
4137,Netherlands,1999,1850
4138,Netherlands,2000,1855
4139,Netherlands,2001,1848
4140,Netherlands,2002,1864
4141,Netherlands,2003,1872
4142,Netherlands,2004,1835
4146,Netherlands,2008,1806
4147,Netherlands,2009,1822
4148,Netherlands,2010,1868
4149,Netherlands,2011,1928
4152,Netherlands,2014,2002
4153,Netherlands,2015,2053
4154,Netherlands,2016,2087
4158,New Zealand,1991,482
4161,New Zealand,1994,509
4163,New Zealand,1996,564
4164,New Zealand,1997,569
4168,New Zealand,2001,525
4170,New Zealand,2003,539
4175,New Zealand,2008,543
4181,New Zealand,2014,517
4183,New Zealand,2016,531
4185,Nicaragua,1990,227
4186,Nicaragua,1991,258
4187,Nicaragua,1992,269
4189,Nicaragua,1994,314
4190,Nicaragua,1995,349
4191,Nicaragua,1996,376
4192,Nicaragua,1997,397
4194,Nicaragua,1999,424
4195,Nicaragua,2000,427
4209,Nicaragua,2014,408
4214,Niger,1991,330
4215,Niger,1992,346
4217,Niger,1994,376
4218,Niger,1995,393
4219,Niger,1996,404
4220,Niger,1997,420
4222,Niger,1999,448
4230,Niger,2007,525
4231,Niger,2008,535
4232,Niger,2009,551
4233,Niger,2010,568
4234,Niger,2011,591
4235,Niger,2012,611
4236,Niger,2013,636
4237,Niger,2014,664
4238,Niger,2015,694
4239,Niger,2016,725
4242,Nigeria,1991,4750
4243,Nigeria,1992,4909
4245,Nigeria,1994,5179
4246,Nigeria,1995,5339
4247,Nigeria,1996,5512
4248,Nigeria,1997,5686
4249,Nigeria,1998,5850
4250,Nigeria,1999,6018
4251,Nigeria,2000,6214
4252,Nigeria,2001,6247
4253,Nigeria,2002,6296
4254,Nigeria,2003,6299
4255,Nigeria,2004,6305
4256,Nigeria,2005,6262
4257,Nigeria,2006,6370
4258,Nigeria,2007,6469
4259,Nigeria,2008,6524
4260,Nigeria,2009,6668
4261,Nigeria,2010,6855
4262,Nigeria,2011,6922
4263,Nigeria,2012,7040
4264,Nigeria,2013,7154
4265,Nigeria,2014,7350
4266,Nigeria,2015,7548
4267,Nigeria,2016,7828
4297,North America,1990,38213
4298,North America,1991,38516
4299,North America,1992,38508
4301,North America,1994,39884
4302,North America,1995,40180
4303,North America,1996,39705
4304,North America,1997,39312
4305,North America,1998,38909
4306,North America,1999,38708
4307,North America,2000,39004
4308,North America,2001,39984
4309,North America,2002,41096
4310,North America,2003,41830
4311,North America,2004,41835
4312,North America,2005,43218
4313,North America,2006,44042
4314,North America,2007,44754
4315,North America,2008,45666
4316,North America,2009,46517
4317,North America,2010,46681
4318,North America,2011,47815
4319,North America,2012,48606
4320,North America,2013,49239
4321,North America,2014,50350
4322,North America,2015,51795
4323,North America,2016,53158
4329,North Korea,1994,2665
4410,Norway,1991,713
4411,Norway,1992,706
4413,Norway,1994,650
4415,Norway,1996,617
4420,Norway,2001,621
4422,Norway,2003,595
4425,Norway,2006,577
4429,Norway,2010,606
4430,Norway,2011,618
4493,Pakistan,1990,3783
4494,Pakistan,1991,4141
4495,Pakistan,1992,4567
4497,Pakistan,1994,5143
4498,Pakistan,1995,5632
4499,Pakistan,1996,5953
4500,Pakistan,1997,6218
4501,Pakistan,1998,6422
4502,Pakistan,1999,6627
4503,Pakistan,2000,6866
4504,Pakistan,2001,7092
4505,Pakistan,2002,7308
4506,Pakistan,2003,7504
4507,Pakistan,2004,7665
4508,Pakistan,2005,7837
4509,Pakistan,2006,7804
4510,Pakistan,2007,7789
4511,Pakistan,2008,7894
4512,Pakistan,2009,7948
4513,Pakistan,2010,7997
4514,Pakistan,2011,8140
4515,Pakistan,2012,8323
4516,Pakistan,2013,8495
4517,Pakistan,2014,8732
4518,Pakistan,2015,8834
4519,Pakistan,2016,8974
4521,Palestine,1990,80
4522,Palestine,1991,83
4523,Palestine,1992,85
4525,Palestine,1994,89
4526,Palestine,1995,90
4527,Palestine,1996,93
4528,Palestine,1997,96
4529,Palestine,1998,100
4530,Palestine,1999,105
4531,Palestine,2000,111
4532,Palestine,2001,116
4533,Palestine,2002,121
4534,Palestine,2003,125
4535,Palestine,2004,128
4536,Palestine,2005,132
4537,Palestine,2006,135
4538,Palestine,2007,137
4539,Palestine,2008,139
4540,Palestine,2009,140
4541,Palestine,2010,140
4542,Palestine,2011,141
4543,Palestine,2012,141
4544,Palestine,2013,143
4545,Palestine,2014,139
4546,Palestine,2015,141
4547,Palestine,2016,143
4549,Panama,1990,117
4550,Panama,1991,124
4551,Panama,1992,132
4553,Panama,1994,155
4554,Panama,1995,165
4555,Panama,1996,159
4556,Panama,1997,168
4558,Panama,1999,176
4559,Panama,2000,172
4568,Panama,2009,215
4575,Panama,2016,192
4577,Papua New Guinea,1990,1069
4578,Papua New Guinea,1991,1091
4579,Papua New Guinea,1992,1111
4581,Papua New Guinea,1994,1140
4582,Papua New Guinea,1995,1158
4583,Papua New Guinea,1996,1173
4584,Papua New Guinea,1997,1190
4589,Papua New Guinea,2002,1349
4594,Papua New Guinea,2007,1601
4607,Paraguay,1992,143
4609,Paraguay,1994,174
4610,Paraguay,1995,186
4612,Paraguay,1997,204
4614,Paraguay,1999,232
4615,Paraguay,2000,247
4625,Paraguay,2010,359
4626,Paraguay,2011,361
4627,Paraguay,2012,360
4628,Paraguay,2013,379
4629,Paraguay,2014,383
4630,Paraguay,2015,382
4631,Paraguay,2016,388
4633,Peru,1990,781
4634,Peru,1991,761
4635,Peru,1992,870
4637,Peru,1994,971
4638,Peru,1995,1014
4639,Peru,1996,1052
4640,Peru,1997,1083
4641,Peru,1998,1088
4642,Peru,1999,1069
4643,Peru,2000,1046
4644,Peru,2001,1007
4645,Peru,2002,1007
4646,Peru,2003,1034
4647,Peru,2004,1032
4648,Peru,2005,1017
4649,Peru,2006,982
4650,Peru,2007,974
4651,Peru,2008,998
4652,Peru,2009,1058
4655,Peru,2012,1067
4656,Peru,2013,1037
4657,Peru,2014,1009
4658,Peru,2015,1003
4659,Peru,2016,1017
4661,Philippines,1990,6185
4662,Philippines,1991,6065
4663,Philippines,1992,5551
4665,Philippines,1994,4708
4666,Philippines,1995,4528
4667,Philippines,1996,4202
4668,Philippines,1997,3684
4669,Philippines,1998,3309
4670,Philippines,1999,2883
4671,Philippines,2000,3067
4672,Philippines,2001,3093
4673,Philippines,2002,3144
4674,Philippines,2003,3194
4675,Philippines,2004,3174
4676,Philippines,2005,3333
4677,Philippines,2006,3592
4678,Philippines,2007,3813
4679,Philippines,2008,4066
4680,Philippines,2009,4348
4681,Philippines,2010,4517
4682,Philippines,2011,4684
4683,Philippines,2012,4877
4684,Philippines,2013,5002
4685,Philippines,2014,5165
4686,Philippines,2015,5454
4687,Philippines,2016,5519
4689,Poland,1990,5677
4691,Poland,1992,6098
4693,Poland,1994,6060
4694,Poland,1995,6344
4695,Poland,1996,6352
4696,Poland,1997,6807
4697,Poland,1998,7155
4700,Poland,2001,7567
4709,Poland,2010,7795
4715,Poland,2016,6901
4719,Portugal,1992,1672
4721,Portugal,1994,1498
4722,Portugal,1995,1502
4738,Portugal,2011,1452
4779,Qatar,1996,40
4783,Qatar,2000,39
4784,Qatar,2001,40
4788,Qatar,2005,46
4798,Qatar,2015,133
4802,Romania,1991,2426
4803,Romania,1992,2619
4806,Romania,1995,2902
4819,Romania,2008,2783
4831,Russia,1992,58506
4833,Russia,1994,85548
4834,Russia,1995,82044
4835,Russia,1996,74847
4836,Russia,1997,68259
4837,Russia,1998,66890
4838,Russia,1999,73503
4839,Russia,2000,76672
4840,Russia,2001,75810
4841,Russia,2002,75362
4842,Russia,2003,75265
4843,Russia,2004,73614
4844,Russia,2005,75957
4845,Russia,2006,67692
4846,Russia,2007,62621
4847,Russia,2008,61256
4848,Russia,2009,56586
4849,Russia,2010,56006
4850,Russia,2011,51456
4851,Russia,2012,49776
4852,Russia,2013,48535
4853,Russia,2014,48931
4854,Russia,2015,46605
4855,Russia,2016,44501
4858,Rwanda,1991,875
4859,Rwanda,1992,918
4861,Rwanda,1994,663
4862,Rwanda,1995,744
4863,Rwanda,1996,851
4864,Rwanda,1997,953
4865,Rwanda,1998,934
4867,Rwanda,2000,835
4868,Rwanda,2001,792
4872,Rwanda,2005,722
4875,Rwanda,2008,680
4876,Rwanda,2009,669
4877,Rwanda,2010,672
4878,Rwanda,2011,684
4879,Rwanda,2012,699
4880,Rwanda,2013,715
4881,Rwanda,2014,727
4883,Rwanda,2016,755
4896,Saint Lucia,2000,10
4999,Saudi Arabia,1991,301
5002,Saudi Arabia,1994,340
5003,Saudi Arabia,1995,352
5004,Saudi Arabia,1996,364
5008,Saudi Arabia,2000,428
5009,Saudi Arabia,2001,441
5010,Saudi Arabia,2002,470
5011,Saudi Arabia,2003,495
5012,Saudi Arabia,2004,520
5013,Saudi Arabia,2005,557
5014,Saudi Arabia,2006,592
5015,Saudi Arabia,2007,629
5017,Saudi Arabia,2009,697
5019,Saudi Arabia,2011,796
5020,Saudi Arabia,2012,850
5021,Saudi Arabia,2013,894
5022,Saudi Arabia,2014,952
5023,Saudi Arabia,2015,1003
5024,Saudi Arabia,2016,1047
5054,Senegal,1990,533
5055,Senegal,1991,546
5056,Senegal,1992,562
5058,Senegal,1994,603
5059,Senegal,1995,622
5061,Senegal,1997,658
5062,Senegal,1998,676
5063,Senegal,1999,698
5064,Senegal,2000,710
5065,Senegal,2001,727
5066,Senegal,2002,743
5069,Senegal,2005,805
5071,Senegal,2007,844
5072,Senegal,2008,858
5073,Senegal,2009,875
5074,Senegal,2010,901
5075,Senegal,2011,933
5076,Senegal,2012,966
5077,Senegal,2013,1001
5078,Senegal,2014,1031
5079,Senegal,2015,1062
5100,Serbia,2008,1937
5101,Serbia,2009,1898
5102,Serbia,2010,1809
5104,Serbia,2012,1752
5143,Sierra Leone,1991,185
5144,Sierra Leone,1992,187
5146,Sierra Leone,1994,197
5147,Sierra Leone,1995,204
5148,Sierra Leone,1996,213
5149,Sierra Leone,1997,221
5150,Sierra Leone,1998,226
5151,Sierra Leone,1999,238
5152,Sierra Leone,2000,251
5168,Sierra Leone,2016,441
5171,Singapore,1991,463
5172,Singapore,1992,471
5174,Singapore,1994,489
5202,Slovakia,1994,795
5203,Slovakia,1995,798
5204,Slovakia,1996,775
5205,Slovakia,1997,811
5206,Slovakia,1998,841
5207,Slovakia,1999,832
5208,Slovakia,2000,820
5224,Slovakia,2016,690
5230,Slovenia,1994,691
5232,Slovenia,1996,648
5233,Slovenia,1997,658
5236,Slovenia,2000,638
5263,Solomon Islands,1999,73
5264,Solomon Islands,2000,74
5266,Solomon Islands,2002,76
5267,Solomon Islands,2003,77
5282,Somalia,1990,376
5283,Somalia,1991,387
5284,Somalia,1992,425
5286,Somalia,1994,497
5287,Somalia,1995,531
5288,Somalia,1996,555
5289,Somalia,1997,575
5290,Somalia,1998,594
5291,Somalia,1999,601
5292,Somalia,2000,607
5293,Somalia,2001,609
5294,Somalia,2002,617
5295,Somalia,2003,626
5296,Somalia,2004,634
5297,Somalia,2005,643
5298,Somalia,2006,658
5299,Somalia,2007,674
5300,Somalia,2008,692
5301,Somalia,2009,708
5302,Somalia,2010,719
5303,Somalia,2011,729
5304,Somalia,2012,744
5305,Somalia,2013,761
5306,Somalia,2014,780
5307,Somalia,2015,804
5308,Somalia,2016,830
5310,South Africa,1990,6005
5311,South Africa,1991,6189
5312,South Africa,1992,6589
5314,South Africa,1994,6687
5315,South Africa,1995,6828
5316,South Africa,1996,7125
5317,South Africa,1997,7990
5318,South Africa,1998,8530
5319,South Africa,1999,9129
5320,South Africa,2000,10217
5322,South Africa,2002,10220
5327,South Africa,2007,9198
5328,South Africa,2008,8696
5332,South Africa,2012,6031
5333,South Africa,2013,5732
5334,South Africa,2014,5636
5335,South Africa,2015,5710
5336,South Africa,2016,5918
5365,South Asia,1990,176065
5366,South Asia,1991,180381
5367,South Asia,1992,185302
5369,South Asia,1994,184442
5370,South Asia,1995,185925
5371,South Asia,1996,185849
5372,South Asia,1997,194418
5373,South Asia,1998,199592
5374,South Asia,1999,207342
5375,South Asia,2000,210630
5376,South Asia,2001,208778
5377,South Asia,2002,205354
5378,South Asia,2003,200897
5379,South Asia,2004,200066
5380,South Asia,2005,207173
5381,South Asia,2006,209318
5382,South Asia,2007,210473
5383,South Asia,2008,215597
5384,South Asia,2009,222250
5385,South Asia,2010,229322
5386,South Asia,2011,235356
5387,South Asia,2012,233137
5388,South Asia,2013,230039
5389,South Asia,2014,230000
5390,South Asia,2015,224973
5391,South Asia,2016,229321
5393,South Korea,1990,4738
5394,South Korea,1991,4757
5395,South Korea,1992,4798
5397,South Korea,1994,5442
5398,South Korea,1995,5953
5399,South Korea,1996,6614
5404,South Korea,2001,9618
5406,South Korea,2003,11763
5409,South Korea,2006,13518
5418,South Korea,2015,15656
5419,South Korea,2016,15171
5443,South Sudan,2012,577
5444,South Sudan,2013,579
5445,South Sudan,2014,577
5446,South Sudan,2015,577
5447,South Sudan,2016,579
5449,Southeast Asia,1990,36476
5450,Southeast Asia,1991,36787
5451,Southeast Asia,1992,37159
5453,Southeast Asia,1994,38964
5454,Southeast Asia,1995,40824
5455,Southeast Asia,1996,41913
5456,Southeast Asia,1997,41303
5457,Southeast Asia,1998,40825
5458,Southeast Asia,1999,40979
5459,Southeast Asia,2000,40932
5460,Southeast Asia,2001,39661
5461,Southeast Asia,2002,39340
5462,Southeast Asia,2003,39050
5463,Southeast Asia,2004,38099
5464,Southeast Asia,2005,37480
5465,Southeast Asia,2006,37410
5466,Southeast Asia,2007,37439
5467,Southeast Asia,2008,37719
5468,Southeast Asia,2009,37581
5469,Southeast Asia,2010,37760
5470,Southeast Asia,2011,38145
5471,Southeast Asia,2012,38300
5472,Southeast Asia,2013,38263
5473,Southeast Asia,2014,38823
5474,Southeast Asia,2015,39516
5475,Southeast Asia,2016,40186
5561,Spain,1990,3536
5562,Spain,1991,3597
5563,Spain,1992,3534
5565,Spain,1994,3552
5566,Spain,1995,3607
5567,Spain,1996,3658
5568,Spain,1997,3651
5569,Spain,1998,3667
5570,Spain,1999,3725
5571,Spain,2000,3674
5572,Spain,2001,3681
5573,Spain,2002,3737
5574,Spain,2003,3846
5575,Spain,2004,3802
5576,Spain,2005,3814
5577,Spain,2006,3776
5578,Spain,2007,3846
5579,Spain,2008,3883
5580,Spain,2009,3834
5581,Spain,2010,3797
5583,Spain,2012,3911
5584,Spain,2013,3895
5585,Spain,2014,3903
5586,Spain,2015,3949
5587,Spain,2016,3792
5589,Sri Lanka,1990,6120
5590,Sri Lanka,1991,5748
5591,Sri Lanka,1992,5783
5593,Sri Lanka,1994,6117
5594,Sri Lanka,1995,6666
5595,Sri Lanka,1996,6954
5596,Sri Lanka,1997,7463
5597,Sri Lanka,1998,7024
5598,Sri Lanka,1999,6971
5599,Sri Lanka,2000,6936
5600,Sri Lanka,2001,6373
5601,Sri Lanka,2002,5976
5602,Sri Lanka,2003,5902
5603,Sri Lanka,2004,5653
5604,Sri Lanka,2005,5539
5605,Sri Lanka,2006,5190
5606,Sri Lanka,2007,5039
5607,Sri Lanka,2008,4932
5608,Sri Lanka,2009,4516
5609,Sri Lanka,2010,4335
5611,Sri Lanka,2012,4448
5612,Sri Lanka,2013,4314
5613,Sri Lanka,2014,4389
5614,Sri Lanka,2015,4431
5615,Sri Lanka,2016,4486
5617,Sub-Saharan Africa,1990,37319
5618,Sub-Saharan Africa,1991,38532
5619,Sub-Saharan Africa,1992,40142
5621,Sub-Saharan Africa,1994,42493
5622,Sub-Saharan Africa,1995,44031
5623,Sub-Saharan Africa,1996,45497
5624,Sub-Saharan Africa,1997,47412
5625,Sub-Saharan Africa,1998,49089
5626,Sub-Saharan Africa,1999,50322
5627,Sub-Saharan Africa,2000,52220
5628,Sub-Saharan Africa,2001,52352
5629,Sub-Saharan Africa,2002,53248
5630,Sub-Saharan Africa,2003,54219
5631,Sub-Saharan Africa,2004,54730
5632,Sub-Saharan Africa,2005,54903
5633,Sub-Saharan Africa,2006,55398
5634,Sub-Saharan Africa,2007,55550
5635,Sub-Saharan Africa,2008,55905
5636,Sub-Saharan Africa,2009,56225
5637,Sub-Saharan Africa,2010,56596
5638,Sub-Saharan Africa,2011,56716
5639,Sub-Saharan Africa,2012,57317
5640,Sub-Saharan Africa,2013,57948
5641,Sub-Saharan Africa,2014,58992
5642,Sub-Saharan Africa,2015,60337
5643,Sub-Saharan Africa,2016,61978
5645,Sudan,1990,978
5646,Sudan,1991,1021
5647,Sudan,1992,1065
5649,Sudan,1994,1134
5650,Sudan,1995,1153
5651,Sudan,1996,1166
5652,Sudan,1997,1189
5654,Sudan,1999,1227
5655,Sudan,2000,1246
5656,Sudan,2001,1262
5657,Sudan,2002,1269
5659,Sudan,2004,1280
5660,Sudan,2005,1314
5661,Sudan,2006,1336
5662,Sudan,2007,1365
5663,Sudan,2008,1399
5664,Sudan,2009,1431
5665,Sudan,2010,1450
5666,Sudan,2011,1470
5667,Sudan,2012,1500
5668,Sudan,2013,1526
5669,Sudan,2014,1556
5670,Sudan,2015,1585
5671,Sudan,2016,1616
5673,Suriname,1990,82
5674,Suriname,1991,86
5675,Suriname,1992,88
5677,Suriname,1994,92
5680,Suriname,1997,92
5702,Swaziland,1991,95
5703,Swaziland,1992,98
5706,Swaziland,1995,118
5708,Swaziland,1997,140
5709,Swaziland,1998,155
5710,Swaziland,1999,169
5714,Swaziland,2003,227
5717,Swaziland,2006,236
5719,Swaziland,2008,240
5729,Sweden,1990,1880
5730,Sweden,1991,1907
5731,Sweden,1992,1827
5733,Sweden,1994,1730
5734,Sweden,1995,1715
5735,Sweden,1996,1640
5736,Sweden,1997,1562
5738,Sweden,1999,1490
5739,Sweden,2000,1442
5744,Sweden,2005,1403
5745,Sweden,2006,1403
5747,Sweden,2008,1429
5748,Sweden,2009,1443
5749,Sweden,2010,1404
5750,Sweden,2011,1414
5751,Sweden,2012,1418
5753,Sweden,2014,1431
5754,Sweden,2015,1433
5755,Sweden,2016,1402
5757,Switzerland,1990,1778
5758,Switzerland,1991,1839
5759,Switzerland,1992,1809
5762,Switzerland,1995,1675
5763,Switzerland,1996,1580
5764,Switzerland,1997,1573
5765,Switzerland,1998,1560
5766,Switzerland,1999,1510
5767,Switzerland,2000,1553
5768,Switzerland,2001,1529
5770,Switzerland,2003,1511
5774,Switzerland,2007,1397
5778,Switzerland,2011,1233
5780,Switzerland,2013,1234
5783,Switzerland,2016,1134
5791,Syria,1996,393
5792,Syria,1997,403
5793,Syria,1998,414
5799,Syria,2004,422
5801,Syria,2006,474
5803,Syria,2008,518
5806,Syria,2011,542
5807,Syria,2012,514
5808,Syria,2013,489
5809,Syria,2014,475
5810,Syria,2015,468
5811,Syria,2016,474
5813,Taiwan,1990,1899
5814,Taiwan,1991,1867
5815,Taiwan,1992,1870
5817,Taiwan,1994,2069
5818,Taiwan,1995,2236
5819,Taiwan,1996,2470
5820,Taiwan,1997,2702
5824,Taiwan,2001,3669
5827,Taiwan,2004,4499
5831,Taiwan,2008,4706
5836,Taiwan,2013,4188
5837,Taiwan,2014,4233
5839,Taiwan,2016,4265
5843,Tajikistan,1992,246
5845,Tajikistan,1994,257
5846,Tajikistan,1995,253
5847,Tajikistan,1996,245
5848,Tajikistan,1997,233
5849,Tajikistan,1998,225
5850,Tajikistan,1999,225
5851,Tajikistan,2000,230
5852,Tajikistan,2001,235
5856,Tajikistan,2005,286
5858,Tajikistan,2007,319
5860,Tajikistan,2009,350
5861,Tajikistan,2010,367
5863,Tajikistan,2012,400
5865,Tajikistan,2014,435
5866,Tajikistan,2015,455
5867,Tajikistan,2016,483
5873,Tanzania,1994,1664
5874,Tanzania,1995,1719
5876,Tanzania,1997,1817
5877,Tanzania,1998,1866
5879,Tanzania,2000,1847
5880,Tanzania,2001,1832
5881,Tanzania,2002,1808
5883,Tanzania,2004,1805
5887,Tanzania,2008,1996
5889,Tanzania,2010,2068
5892,Tanzania,2013,2299
5893,Tanzania,2014,2372
5894,Tanzania,2015,2459
5895,Tanzania,2016,2548
5897,Thailand,1990,7288
5898,Thailand,1991,7778
5899,Thailand,1992,8315
5901,Thailand,1994,10023
5902,Thailand,1995,11180
5903,Thailand,1996,12078
5904,Thailand,1997,11268
5905,Thailand,1998,11385
5906,Thailand,1999,11847
5907,Thailand,2000,11568
5908,Thailand,2001,10782
5909,Thailand,2002,10609
5910,Thailand,2003,10086
5911,Thailand,2004,9182
5912,Thailand,2005,8426
5913,Thailand,2006,8343
5914,Thailand,2007,8247
5915,Thailand,2008,8215
5916,Thailand,2009,8025
5917,Thailand,2010,8219
5918,Thailand,2011,8246
5919,Thailand,2012,8202
5920,Thailand,2013,8067
5921,Thailand,2014,8200
5922,Thailand,2015,8334
5923,Thailand,2016,8621
5954,Togo,1991,213
5955,Togo,1992,225
5957,Togo,1994,256
5958,Togo,1995,270
5959,Togo,1996,284
5968,Togo,2005,401
6010,Trinidad and Tobago,1991,161
6011,Trinidad and Tobago,1992,168
6013,Trinidad and Tobago,1994,184
6014,Trinidad and Tobago,1995,185
6015,Trinidad and Tobago,1996,186
6024,Trinidad and Tobago,2005,172
6029,Trinidad and Tobago,2010,164
6032,Trinidad and Tobago,2013,155
6034,Trinidad and Tobago,2015,154
6066,Tunisia,1991,228
6069,Tunisia,1994,272
6070,Tunisia,1995,284
6075,Tunisia,2000,328
6076,Tunisia,2001,334
6077,Tunisia,2002,339
6082,Tunisia,2007,359
6083,Tunisia,2008,360
6086,Tunisia,2011,367
6087,Tunisia,2012,368
6088,Tunisia,2013,370
6089,Tunisia,2014,371
6090,Tunisia,2015,373
6091,Tunisia,2016,375
6093,Turkey,1990,2029
6094,Turkey,1991,2103
6095,Turkey,1992,2160
6097,Turkey,1994,2257
6098,Turkey,1995,2285
6099,Turkey,1996,2277
6100,Turkey,1997,2244
6101,Turkey,1998,2201
6102,Turkey,1999,2195
6103,Turkey,2000,2131
6104,Turkey,2001,2068
6105,Turkey,2002,1981
6106,Turkey,2003,2046
6107,Turkey,2004,2088
6108,Turkey,2005,2166
6109,Turkey,2006,2202
6110,Turkey,2007,2208
6111,Turkey,2008,2239
6112,Turkey,2009,2361
6113,Turkey,2010,2415
6114,Turkey,2011,2458
6115,Turkey,2012,2524
6116,Turkey,2013,2633
6117,Turkey,2014,2763
6118,Turkey,2015,2803
6119,Turkey,2016,2849
6133,Turkmenistan,2002,493
6145,Turkmenistan,2014,440
6151,Uganda,1990,1024
6152,Uganda,1991,1119
6153,Uganda,1992,1178
6155,Uganda,1994,1359
6156,Uganda,1995,1446
6157,Uganda,1996,1543
6158,Uganda,1997,1613
6159,Uganda,1998,1706
6160,Uganda,1999,1766
6161,Uganda,2000,1843
6162,Uganda,2001,1896
6163,Uganda,2002,1905
6164,Uganda,2003,1903
6165,Uganda,2004,1914
6166,Uganda,2005,1904
6168,Uganda,2007,1862
6169,Uganda,2008,1828
6170,Uganda,2009,1823
6171,Uganda,2010,1818
6173,Uganda,2012,1867
6175,Uganda,2014,1952
6176,Uganda,2015,1950
6177,Uganda,2016,1966
6180,Ukraine,1991,12901
6181,Ukraine,1992,14169
6183,Ukraine,1994,16881
6184,Ukraine,1995,19132
6185,Ukraine,1996,19109
6186,Ukraine,1997,18254
6188,Ukraine,1999,17493
6189,Ukraine,2000,17814
6191,Ukraine,2002,16529
6192,Ukraine,2003,15849
6196,Ukraine,2007,14931
6197,Ukraine,2008,14642
6198,Ukraine,2009,12325
6199,Ukraine,2010,11389
6200,Ukraine,2011,10949
6201,Ukraine,2012,11102
6202,Ukraine,2013,11426
6203,Ukraine,2014,11292
6204,Ukraine,2015,15422
6205,Ukraine,2016,14969
6209,United Arab Emirates,1992,87
6212,United Arab Emirates,1995,110
6227,United Arab Emirates,2010,527
6230,United Arab Emirates,2013,567
6231,United Arab Emirates,2014,578
6235,United Kingdom,1990,6196
6236,United Kingdom,1991,6142
6237,United Kingdom,1992,6046
6239,United Kingdom,1994,5914
6240,United Kingdom,1995,6012
6241,United Kingdom,1996,5984
6242,United Kingdom,1997,5890
6243,United Kingdom,1998,5948
6244,United Kingdom,1999,5920
6245,United Kingdom,2000,5777
6246,United Kingdom,2001,5652
6247,United Kingdom,2002,5604
6248,United Kingdom,2003,5519
6249,United Kingdom,2004,5348
6250,United Kingdom,2005,5285
6251,United Kingdom,2006,5462
6252,United Kingdom,2007,5449
6253,United Kingdom,2008,5584
6254,United Kingdom,2009,5548
6255,United Kingdom,2010,5521
6256,United Kingdom,2011,5427
6257,United Kingdom,2012,5356
6258,United Kingdom,2013,5519
6259,United Kingdom,2014,5524
6260,United Kingdom,2015,5659
6261,United Kingdom,2016,5759
6263,United States,1990,34155
6264,United States,1991,34410
6265,United States,1992,34318
6267,United States,1994,35553
6268,United States,1995,35779
6269,United States,1996,35282
6270,United States,1997,34913
6271,United States,1998,34536
6272,United States,1999,34294
6273,United States,2000,34717
6274,United States,2001,35698
6275,United States,2002,36824
6276,United States,2003,37497
6277,United States,2004,37558
6278,United States,2005,38877
6279,United States,2006,39777
6280,United States,2007,40414
6281,United States,2008,41271
6282,United States,2009,42089
6283,United States,2010,42279
6284,United States,2011,43474
6285,United States,2012,44113
6286,United States,2013,44737
6287,United States,2014,45681
6288,United States,2015,47038
6289,United States,2016,48471
6319,Uruguay,1990,371
6320,Uruguay,1991,389
6321,Uruguay,1992,405
6323,Uruguay,1994,447
6324,Uruguay,1995,462
6325,Uruguay,1996,476
6326,Uruguay,1997,518
6334,Uruguay,2005,611
6345,Uruguay,2016,678
6349,Uzbekistan,1992,1544
6352,Uzbekistan,1995,1775
6356,Uzbekistan,1999,2307
6361,Uzbekistan,2004,2642
6362,Uzbekistan,2005,2776
6366,Uzbekistan,2009,2626
6372,Uzbekistan,2015,2994
6381,Vanuatu,1996,30
6403,Venezuela,1990,1195
6404,Venezuela,1991,1313
6405,Venezuela,1992,1438
6407,Venezuela,1994,1675
6408,Venezuela,1995,1774
6409,Venezuela,1996,1851
6410,Venezuela,1997,1891
6411,Venezuela,1998,2055
6412,Venezuela,1999,2164
6414,Venezuela,2001,2297
6415,Venezuela,2002,2310
6416,Venezuela,2003,2361
6420,Venezuela,2007,2287
6421,Venezuela,2008,2385
6422,Venezuela,2009,2412
6425,Venezuela,2012,2533
6426,Venezuela,2013,2534
6427,Venezuela,2014,2588
6428,Venezuela,2015,2656
6429,Venezuela,2016,2724
6433,Vietnam,1992,5354
6435,Vietnam,1994,5576
6436,Vietnam,1995,5686
6437,Vietnam,1996,5774
6438,Vietnam,1997,5843
6442,Vietnam,2001,5984
6489,Western Europe,1990,60748
6490,Western Europe,1991,61217
6491,Western Europe,1992,60552
6493,Western Europe,1994,59610
6494,Western Europe,1995,59582
6495,Western Europe,1996,58968
6496,Western Europe,1997,58090
6497,Western Europe,1998,57279
6498,Western Europe,1999,56399
6499,Western Europe,2000,55580
6500,Western Europe,2001,54930
6501,Western Europe,2002,54618
6502,Western Europe,2003,54275
6503,Western Europe,2004,52509
6504,Western Europe,2005,52008
6505,Western Europe,2006,51555
6506,Western Europe,2007,51483
6507,Western Europe,2008,51935
6508,Western Europe,2009,52431
6509,Western Europe,2010,52262
6510,Western Europe,2011,52070
6511,Western Europe,2012,51558
6512,Western Europe,2013,51505
6513,Western Europe,2014,50553
6514,Western Europe,2015,50972
6515,Western Europe,2016,50668
6547,World,1990,758519
6548,World,1991,777951
6549,World,1992,806204
6551,World,1994,851481
6552,World,1995,859247
6553,World,1996,847745
6554,World,1997,842012
6555,World,1998,838272
6556,World,1999,841716
6557,World,2000,832891
6558,World,2001,806619
6559,World,2002,794114
6560,World,2003,795232
6561,World,2004,797239
6562,World,2005,805645
6563,World,2006,791825
6564,World,2007,785136
6565,World,2008,789447
6566,World,2009,791223
6567,World,2010,796084
6568,World,2011,793978
6569,World,2012,786336
6570,World,2013,779213
6571,World,2014,781717
6572,World,2015,782941
6573,World,2016,788675
6586,Yemen,1991,648
6587,Yemen,1992,678
6589,Yemen,1994,747
6590,Yemen,1995,782
6591,Yemen,1996,814
6592,Yemen,1997,845
6593,Yemen,1998,872
6594,Yemen,1999,898
6595,Yemen,2000,926
6596,Yemen,2001,955
6597,Yemen,2002,987
6598,Yemen,2003,1014
6600,Yemen,2005,1063
6601,Yemen,2006,1090
6602,Yemen,2007,1118
6603,Yemen,2008,1150
6604,Yemen,2009,1178
6605,Yemen,2010,1199
6606,Yemen,2011,1230
6607,Yemen,2012,1256
6608,Yemen,2013,1284
6609,Yemen,2014,1315
6610,Yemen,2015,1363
6611,Yemen,2016,1416
6631,Zambia,1990,643
6636,Zambia,1995,826
6637,Zambia,1996,843
6640,Zambia,1999,827
6641,Zambia,2000,812
6643,Zambia,2002,784
6659,Zimbabwe,1990,1063
6660,Zimbabwe,1991,1053
6661,Zimbabwe,1992,1095
6663,Zimbabwe,1994,1262
6664,Zimbabwe,1995,1446
6669,Zimbabwe,2000,2322
6670,Zimbabwe,2001,2488
6671,Zimbabwe,2002,2712
6672,Zimbabwe,2003,2775
6675,Zimbabwe,2006,2894
6676,Zimbabwe,2007,2881
6677,Zimbabwe,2008,2887
6679,Zimbabwe,2010,2776
6680,Zimbabwe,2011,2665
6682,Zimbabwe,2013,2561
6683,Zimbabwe,2014,2554
